# -*- coding: utf-8 -*-

# Resource object code
#
# Created by: The Resource Compiler for PyQt5 (Qt v5.15.2)
#
# WARNING! All changes made in this file will be lost!

from PyQt5 import QtCore

qt_resource_data = b"\
\x00\x00\x05\x2c\
\x00\
\x00\x38\x3e\x78\x9c\xed\x9a\x7b\x4c\x53\x67\x18\xc6\x4f\xcb\xa1\
\x96\x4b\xa1\xdc\x19\x4c\x2c\x17\xc7\x12\x90\x4b\x36\x64\x03\x06\
\x45\xee\xd3\x15\x75\x53\x61\xe3\xd2\xb1\x19\x16\x19\x16\x99\xdc\
\x69\x77\x8a\x41\x18\x99\xc3\x4d\x42\xf7\xc7\x98\x30\xa6\x04\x65\
\x8a\x0e\x28\x04\x06\x5d\xd4\x20\x53\x89\x1d\x01\x26\xb0\x41\x06\
\x04\x91\x61\xb9\xb9\x22\xa5\x74\x9f\xc0\x62\x72\x5e\xfe\xdc\x12\
\xd9\xbe\x26\x4d\x4f\xce\xdb\xef\x3c\xcf\xf7\xfc\xde\xf3\x35\xe7\
\x9c\x7e\xb2\x57\x10\xc1\x31\xb4\x33\x24\x08\x82\x13\x15\x19\xba\
\x9f\x20\xc8\x7a\x82\x60\xfa\xb1\x59\x68\x8f\xef\xc0\x95\xdd\xe8\
\xc3\x20\x2d\x32\xf6\x23\x82\x88\x0b\x7f\xf2\x66\x58\x96\x85\x04\
\x13\x04\x8f\x88\x0a\x0d\x7e\x2b\x3b\x61\x7a\xe8\x8e\x20\x3e\xca\
\xbc\x70\x1f\x7f\xcf\xc3\xf7\xbc\xc7\xa5\xaa\xb2\xce\xa4\xc8\x16\
\xf7\x96\x2d\xe7\xe3\x0f\x0c\xb8\x3a\x17\xbb\xd8\xec\xaf\x3d\x57\
\x3e\x3f\x51\x77\x53\x99\x3c\xd6\x59\xba\x2d\xc8\x54\xc2\xe6\xf2\
\xf8\x14\xc1\x60\x92\x4f\x37\x8c\xad\xb2\xed\x72\x3d\xfb\x9d\xe8\
\xfb\xb9\xbc\x99\x37\xf9\x8a\x39\x2e\x1c\x12\x6e\xc4\x8e\xa9\xee\
\x1c\x4d\x27\x41\x89\x59\xee\x0b\x0f\xe3\xf5\x36\x5f\x61\xf7\x9a\
\x83\xcc\x19\x94\xb8\xf5\x6d\xb4\xef\xa2\x0d\xa9\x92\xc9\xec\xbb\
\x3f\xdb\xfc\x3c\x28\x51\xd4\x38\x07\xfa\xff\xd4\x9a\x5b\x1f\x5e\
\xda\x39\x0e\x7d\x92\xee\x22\x60\x86\x2f\x6c\xa0\x28\x9f\xdc\x00\
\x8f\x08\x50\xe2\x09\x73\xf4\xe0\x94\xaa\xf5\xc9\x3a\xe5\xe8\xb1\
\x57\x81\x4f\x06\xe3\x96\x3d\x30\xc3\xb5\xdd\xc1\x13\x9e\x72\x28\
\xbd\x65\x06\x4a\xec\x98\xdf\x80\x19\x4a\xf1\x01\x83\x91\xb2\x90\
\x1d\xf7\x19\x28\xa1\xe8\x59\xcf\x7e\xf4\xd9\x2b\xda\x4c\x91\x48\
\x64\xaa\x52\xa9\xaa\x3d\xa7\x37\xb0\xa5\xf3\x48\x6b\xfd\xd5\x21\
\x21\x21\x61\x45\x6b\x6a\xa2\xb3\x38\x2b\xd1\xdb\xdd\x66\x17\xe8\
\xdd\x0f\x1c\x2d\x47\x48\x55\x3f\xe7\x04\x6a\x59\x7d\x97\x55\x1f\
\x8b\xc5\xda\x52\xcb\x15\x5b\x18\xd7\xcb\x52\x8d\x36\x70\xfa\xf5\
\x59\xf1\xb2\x7d\x8c\x77\x45\x21\xd4\xdb\xca\x64\x1e\x2c\xba\xfa\
\x12\x4c\x2e\x89\xc1\x70\x3b\xff\xfd\x69\x90\x73\x65\x08\x5f\xf1\
\x60\x6f\x26\x0b\x68\xf1\xdd\x79\xc2\x1b\xc7\xad\xcd\xc1\xac\x8f\
\x23\x94\x5b\x7f\xea\x86\xec\x8b\x51\xab\x7c\xd9\xbd\x0b\xc6\x6a\
\xc2\x60\x5c\x0c\xb9\xf7\x1c\x74\x7b\x85\xa2\xac\x7a\x62\x23\x01\
\xb7\xbb\x8e\x3c\x61\xc6\x8b\xfe\x27\x80\x5b\x1e\x6a\xf6\x24\x3f\
\x23\x03\x30\x3d\x3f\x92\xac\x33\x39\x9c\x0c\x19\x5d\x47\x81\xec\
\x49\x76\x84\xd3\x2b\xa2\xa8\xde\xaa\x3f\x8c\xa1\xdb\x18\xbe\xa2\
\x64\xd2\xdd\x05\x4c\xef\x3e\x6a\x1a\xbf\xb2\x8a\x60\xe0\x96\x8b\
\x9a\x12\xc3\xc0\x30\x30\x0c\x0c\x03\xc3\xc0\x30\x30\x0c\x0c\x03\
\xc3\xc0\x30\x30\x0c\x0c\x03\xc3\xc0\x30\x30\x0c\x0c\x03\xc3\xc0\
\x30\xfe\x09\x18\x23\x8f\xa3\xdd\x54\xea\xbc\xb6\xda\x0d\xf2\x25\
\x0f\x1a\xe4\x2f\x71\xea\x06\xa7\x9b\x8e\x88\x34\x50\x2d\xbf\x4a\
\x91\x35\x19\x50\xba\x2d\x48\xd2\x7e\x57\xa9\xdc\x60\xf8\xca\x3e\
\x45\x87\x74\x5c\x0a\x47\xe2\x5b\xcc\xab\x1b\xf8\xee\xfe\xbf\x1e\
\x7d\x80\x4e\xd2\x2a\x97\xcb\x8b\xd4\x6a\xb5\x52\x96\xb9\x6e\xab\
\x32\x7a\xe4\xd1\xa3\x46\x95\x97\x6b\xea\x8e\x99\xd9\xd9\xd9\xf9\
\x95\x0e\x9d\x6a\x58\x37\x3c\x3a\x3a\x5a\x23\xca\xcb\x9d\xcb\xaa\
\x7d\xc7\x74\x68\x7c\xf5\xb4\xe3\x57\x2b\x6a\xa8\xed\x09\x3e\x0f\
\xfc\x4b\xd6\x0f\x3c\x73\x8a\x94\x84\x5d\xd0\xd9\x5c\x6c\x57\x26\
\x2f\x59\xae\x1d\x6f\xc4\x88\x0c\xd4\xaf\x4b\xcc\x9a\x91\x7f\x97\
\xe8\xc5\x89\x58\x5d\x45\xa4\xc1\x4c\xb5\x46\x7c\x37\x35\xae\xf0\
\x6f\x47\x23\xef\x33\x3a\xe4\xe2\xb9\x05\xb1\x3f\x08\x59\x0f\x4d\
\xeb\x84\x63\x8b\x13\xbd\x80\x86\x30\xa6\xc6\x26\x35\x99\x20\x08\
\x16\xa2\xce\x0a\x49\x0f\x03\x85\x2e\x54\xe8\xea\x51\x4f\x83\x3e\
\xe1\xa0\x45\x83\x73\x72\xac\x04\x14\xce\x20\x64\x67\x6a\x54\x83\
\x60\x9d\xb1\x47\x10\xec\x8d\xbb\xac\x40\xc1\x15\x75\xb4\x6b\xf4\
\xb0\xdc\x82\x9e\xf7\x4e\xd4\xa3\x3b\x6d\xbf\x70\x03\xeb\xa8\x00\
\x75\x9d\xe0\xeb\x76\x91\x2b\x1d\xf3\x87\xa8\x8f\x52\xbd\x5c\x0e\
\x81\x9f\x83\xaf\xd0\x8a\x5c\x11\x20\x1e\x16\xd0\x5b\xe6\x17\xc4\
\x7a\x40\x18\x79\x09\x2c\xa4\xaf\xc4\xf2\x15\x7e\x39\x4b\xed\x15\
\xf4\xe6\xa8\x97\x52\x54\xe3\x8f\xa7\xe3\x3e\xa7\x17\xd2\xae\x52\
\x54\x06\x06\x82\x81\x60\x20\x18\x08\xcf\x79\x78\xce\x86\x20\x6c\
\xc6\x9e\xfc\x17\x00\xc3\x79\xc6\xe0\xfc\x67\x81\x48\x27\x82\xc4\
\xcb\x5a\x49\xd0\xbd\x1b\x70\xfa\x6c\x63\xb3\xc5\x05\xfb\x18\xf9\
\x60\xea\xcd\xde\xb8\xb5\xeb\x83\xdb\xd6\xd9\xf9\xf9\xf9\x8b\x9a\
\x8e\x9a\x9a\x9a\xb3\xba\xc7\x8e\x4f\x47\x54\x86\x8f\xcc\x8e\x76\
\x46\xdf\xe9\xcb\xdc\x4e\x3f\x0c\x72\x16\xaf\x48\xb4\x49\xf4\x6d\
\xd0\xa3\x1b\xa0\xf8\x55\x14\x75\xa0\x38\x25\x85\xbe\x9f\x90\x4e\
\x21\xf2\x19\x21\xfe\x74\x58\x24\xdb\xd2\x90\x1d\x53\xd8\xdc\xf4\
\x02\x90\x69\xf6\xe0\x09\xe3\xb1\x08\x16\xd9\xcc\x22\x33\xcb\x1a\
\xeb\xf5\x7f\xe0\xf4\x67\x35\x41\x35\x85\xcc\x70\xe8\xa8\xbc\x48\
\x26\x93\x79\xfe\x70\xad\xe4\x5a\x90\x96\x55\x9e\xdd\x58\xd0\xeb\
\x00\xc4\x2f\xdb\x2c\x7a\x54\x4c\xf4\x88\x84\xda\x6f\xc4\x62\xb1\
\x36\xf7\xb0\x2f\xb0\xc1\x2d\x26\x1f\xaa\xf3\x1a\x8e\xfe\xee\xa4\
\x63\xf5\x5d\xaf\x6d\xb6\x80\x6a\x3a\x74\x5d\x56\x2a\xa5\x9f\xcf\
\x9b\xfe\xba\x0c\x5f\x12\xe3\xe8\x71\xf4\x38\x7a\x1c\x3d\x8e\x1e\
\x47\x8f\xa3\xc7\xd1\x6f\x8a\xe8\x67\x96\x5d\x0b\x34\x5a\x41\xd1\
\x06\x01\xc9\x8c\xd6\x9e\x15\xfd\x39\x2e\x4b\xdf\xc0\xf1\x14\x73\
\xf8\xdc\x7c\x80\x64\x79\xb1\xa5\xfb\xdd\x2d\x90\x11\xd3\x87\xb9\
\xc2\xa9\xb3\x3b\xd4\x0a\x1f\xc1\xb9\x9b\x73\xeb\xad\x83\x07\x4e\
\x02\xcd\xca\x70\xbe\xe2\xc2\xb1\x46\x37\xe8\xc5\x09\xc1\x32\xfb\
\x36\x15\x4e\xf7\x08\x49\x62\x11\x2c\x82\x45\xb0\x08\x16\xf9\xdf\
\x8a\x2c\x1a\x95\xdd\x7e\x63\x5e\xa5\xdf\x2c\x23\xd0\x2b\x2a\x4c\
\x10\x7a\x69\x97\xb0\xe0\x2f\x55\x8b\x42\xb6\
\x00\x00\x5f\xb0\
\x00\
\x04\x20\x3e\x78\x9c\xec\x9d\x07\x5c\x14\xd7\xf6\xc7\x4d\x79\xef\
\x9f\xfe\x92\xd8\x52\xec\x1d\x7b\x12\x2b\x88\x20\xa0\x82\x88\x80\
\x82\x8a\x28\x8a\xdd\xc4\x12\x4d\xb1\x6b\xd4\xf8\xf2\xd2\x2c\xd8\
\xa3\xb1\x21\x02\x4a\x11\x45\x6c\x89\xc6\xae\x31\x3d\x56\xa4\x23\
\x28\x2a\xa0\x26\x6a\xac\xe7\x7f\xce\xbd\x77\x66\x67\x67\x1b\x08\
\x88\xe5\x9e\xf7\xf9\x7e\x66\x77\x81\x9d\x8d\x6f\xbf\xbf\x7b\xee\
\x9d\xd9\xd9\x32\x65\x9e\xc0\xff\x51\x3d\x51\xa6\x5a\x99\x7a\xd5\
\x9e\x2e\x53\x01\x6f\xd7\xe3\x0f\x94\x29\xf3\x24\x7f\x9c\x15\xfe\
\x4c\x96\x2c\x59\xb2\x64\xc9\x92\x25\x4b\x96\x2c\x59\xb2\x64\xc9\
\x92\x25\x4b\x96\x2c\x59\xb2\x64\xc9\x92\x25\x4b\x96\x2c\x59\xb2\
\x64\xc9\x92\x25\x4b\x56\xf1\x56\xef\xde\xbd\xc1\x1a\xee\xee\xee\
\x8c\x4e\x16\xa8\x5a\xb9\xb2\x55\x0a\xba\xff\xa0\xde\xbd\x8c\xe8\
\x27\xe8\xec\xde\xd1\x2c\xea\xfe\x2b\x55\x35\x86\xf6\x5b\xa5\x92\
\xca\xfd\xf8\x37\x94\x25\xeb\x61\x2d\xe9\xbf\x2c\x59\x8f\x6f\xdd\
\xab\xff\x9d\x3b\x72\x4a\xcb\x7f\x93\xfd\x2b\xee\x4b\xff\x65\xc9\
\x2a\x70\xe9\x7d\x0f\xd2\x71\xff\xfc\x57\xd0\xf9\xdf\xb1\xa3\x40\
\xec\x53\xfa\x2f\x4b\x56\xb1\x95\x25\xef\x15\x14\xdf\x2d\xe5\x40\
\x91\xfd\x0f\x0c\x02\x03\xda\x0c\xc0\x2d\xde\xef\xd4\xd1\x03\xe9\
\x24\x10\xfb\xf5\xe8\xa8\x62\xb2\x4f\x8d\xfb\xd2\x7f\x59\xb2\xac\
\x97\xde\xff\x7e\x81\x9c\x20\xf4\x91\xe8\xd4\xa1\x13\xc3\xbd\x23\
\x51\x82\xfe\xf7\xea\xcb\xb6\x7d\x94\xd7\xa2\xec\xbf\xbd\x27\xd2\
\x99\x43\xaf\x45\xfa\x2f\x4b\x56\xb1\x95\x49\xff\x2f\xbc\x63\xf4\
\x0a\x12\xee\x79\x81\x7b\x87\xce\xe8\xbf\x87\xda\x07\x28\x54\x46\
\xc7\x18\xe8\x5e\xe5\x7b\xed\xff\x03\xfb\xa8\xfe\x07\x12\xf8\x58\
\xa0\xb8\xed\xde\xbe\x0b\xb8\xbb\x79\x73\x28\x83\x68\xbf\xe8\xbd\
\x82\xde\x77\xe9\xbf\x2c\x59\x05\x2f\xb3\xfe\xf7\x22\xfa\x42\x1f\
\xc4\xb5\x43\x17\x70\x69\xef\xcd\xe9\xe8\x69\x42\xa5\x62\xf1\x1f\
\xe9\xc5\xfb\x80\x5e\xbd\x05\x81\x7d\x21\xa0\x57\x3f\xb1\x6f\x1f\
\x70\x71\xf3\x05\x97\x0e\x5e\x7c\xbf\xee\x9d\x18\xae\xee\x1e\x50\
\xb5\x6a\x65\xa8\x66\x85\xfb\xf1\x6f\x28\x4b\xd6\xc3\x5a\xa1\x6b\
\xc3\x80\x08\x0b\x0b\x37\xb0\x26\x12\xc2\x57\xaf\x83\x55\xa1\xeb\
\xa1\xdb\xe4\xe9\xd0\x65\xca\x0c\xe8\x32\x79\x26\x74\x99\xf0\x25\
\x74\x19\x3f\x0b\xba\x8c\x9b\x0d\x5e\xe3\x66\x81\xcf\x47\x9f\xc3\
\xf0\x0f\x3f\x82\x51\x63\xde\x87\xd1\x63\x46\x71\x46\x8f\x36\xa2\
\x30\xfb\x0f\x15\xac\x5a\x83\x84\xae\x83\x65\xb8\x7f\x3f\xdc\xb7\
\xf7\xd4\x99\xe0\x3d\xf9\x7f\xe0\x3d\xf1\x6b\xf0\x9e\x30\x1b\xbc\
\xc7\xcf\x61\xf8\x8d\xff\x1a\x2a\x55\xaf\x01\xd5\x6b\x54\x35\xa1\
\x66\xb5\xea\x0c\x5b\xfb\x5f\xb2\x72\x0d\x2c\x5a\xb5\x06\x16\xac\
\x0c\x83\x05\xab\xc2\x60\x11\x6e\x17\xad\x20\xd6\x22\xe1\xf8\xb8\
\x42\x18\xcc\xc7\x9f\xcf\x5d\xcd\x7f\x7f\xc9\xaa\xd5\xb0\x14\x69\
\xd5\xd6\x89\x61\xdf\xb6\x2d\xb4\x71\x6a\x03\x6d\x9c\x1d\x8c\xa1\
\xc7\x90\xb6\xf4\x73\x81\x3d\x83\xff\xdd\xa2\xe5\x2b\x38\xdf\xae\
\x84\x05\x5a\xf0\x31\x62\xe0\xc8\x51\x8c\x41\xa3\x46\x98\x30\x10\
\xe9\x3f\x6a\x14\x63\x80\x60\xd0\x48\x63\xd4\xbf\xb7\xc1\x10\x0b\
\x14\xcf\xbb\x4c\xd6\x83\x5a\x8a\x7f\x6b\x54\xf7\x91\xd0\x48\x08\
\x5b\xbd\x1e\x56\xac\x8e\x46\xef\x3f\x05\xf7\x29\x33\xc1\x7d\xf2\
\x67\xe0\x8e\xee\xbb\x8f\x9f\x0b\xee\xe3\x42\xa0\xe3\xd8\xb9\xd0\
\xe9\xa3\xaf\xe0\x3d\xe1\xff\xfb\xc5\xea\x7f\x24\xcb\x9e\xa5\xa1\
\xd1\xcc\x7d\x8f\xa9\x9f\x81\xc7\x94\xcf\xc1\x63\xe2\x6c\xf0\x98\
\x10\x02\x1e\xe3\xe7\x31\x28\x03\x2a\xd5\xac\x05\x35\x6a\x56\x33\
\xa1\x56\x8d\x1a\x0c\x5b\xfb\x67\xee\x23\xf3\x56\xae\x45\x84\xeb\
\xe4\xfd\x8a\x48\x98\x8f\xcc\x53\xc0\xc7\x43\x90\xd9\xab\x29\x07\
\x28\x03\x56\xb3\x0c\x68\x51\x40\xff\xdb\xe8\xfc\x6f\x2d\xfe\x6e\
\x21\x79\xfe\xed\x0a\xe6\xfc\x3c\x62\xb9\xc2\x0a\x46\x30\x3a\x1d\
\xcc\xdc\x1e\x61\x16\xc3\xcf\xcd\x63\xeb\xe7\x0c\x2b\x79\x50\x3c\
\xef\x32\x59\x0f\x6a\x91\x7b\xab\xc2\x88\x70\x58\x4d\xfe\xa1\x7b\
\xa1\x38\xf6\xaf\x59\x15\x0d\xcb\x57\xc5\xb2\x71\x9f\xb9\x3f\xe9\
\x73\xe1\xff\x6c\x96\x01\x8a\xff\xc3\x3e\xfe\x10\x7b\x80\x91\x30\
\x02\xdd\x1f\x89\x8c\x42\xe7\xb5\xd8\xdc\x7f\xf8\x1a\xf4\x7f\x0d\
\xcb\x9f\x55\xc2\xfd\x15\x04\x66\xcf\x37\xab\x63\xc1\x7b\x0a\xb9\
\xff\x3f\xf0\x98\xfc\xa5\xf0\x7f\x0e\xcf\x00\x84\x7a\x81\xca\x35\
\x6a\x43\xcd\x9a\x35\xa1\x3a\xa3\x3a\x54\xaf\xc5\xa1\xc7\x08\x5b\
\xfb\x5f\x24\xc6\x7d\x72\x7b\x2e\xa2\xf8\x1e\xb2\x62\x1d\xcc\x65\
\x44\xe2\xe3\x91\x30\x07\x99\x8d\x3f\x9f\x45\x3d\xc0\xaa\x30\x96\
\x19\x94\x1d\xe4\x3f\xd1\x9a\xbc\x56\xfd\x6f\xad\xfa\x6f\x4f\x38\
\x39\x68\xc6\xfd\xb6\xe8\x7d\x5b\xf5\xef\xe6\x8b\xf1\x7e\xde\xb7\
\xab\x8d\x11\x39\x50\x50\xff\x6d\x61\xd5\x7f\x33\x7d\x83\x42\xf1\
\xbc\xcb\x64\x3d\xa8\x15\xaa\xf1\x4e\x05\xc7\xde\x55\xab\x62\x60\
\xd9\xaa\x38\xe8\x32\x49\xb8\x3f\xf1\x4b\x63\xff\xc7\xcd\x81\x4e\
\x1f\x7f\x01\x43\x3f\xfa\x10\x7b\x80\x51\xf0\xde\x18\xe2\x7d\xcc\
\x81\xd1\x8c\x02\xfb\x8f\xd9\x13\x1a\xb6\x16\x73\x27\x42\xdd\xff\
\x8a\x50\xea\x3d\x62\xd0\xff\x38\xd6\xf7\x7b\x4c\xfe\x02\x3c\x26\
\x7d\xc5\xfd\x9f\x48\xfe\xcf\x65\x78\x4f\x98\x05\x6f\xd6\xa8\x87\
\xfd\x7e\x6d\x81\x92\x03\x35\xb1\x07\x28\x84\xff\x48\xc8\x8a\x08\
\xe6\xf8\x5c\xe1\xfd\xec\xe5\x51\x30\x7b\x05\xb1\xce\x00\xcb\x80\
\x08\xe6\xff\x3c\x91\x01\xcd\xda\xb6\x13\x3d\x00\xb9\xdd\xc6\xa4\
\x07\xa0\x4c\x60\x68\xfd\x77\x32\xf8\xaf\x78\x3e\x17\x9d\x37\x82\
\x1e\x23\xff\x47\x8e\xe6\x28\x2e\xbf\x3f\xc2\x18\x9d\xe7\x7d\x75\
\xe8\x7f\xde\x4f\x60\x2b\x1f\xa4\xff\x8f\x47\xad\x52\xe6\xdb\xca\
\xb8\x8b\xf3\xee\x15\xab\xa3\x98\x7f\x4b\xd0\x3f\x2f\xd5\xff\xaf\
\xc0\x7d\xc2\xd7\xc2\xff\xd9\xd0\x11\xe7\xde\x1e\x63\x3f\x87\xc1\
\x1f\x8e\x85\x61\x63\x3e\x80\x61\xa3\xc7\x20\x1f\xc0\x7b\xc8\x08\
\xc1\x28\xc4\xd6\xfe\xc9\xfb\x50\x4d\xf6\xac\x58\x63\xbc\xff\x2e\
\xaa\xff\x5f\x1b\xfc\x9f\x38\x8b\xe5\x81\xf7\xe4\xcf\xe1\xf5\xea\
\x76\x50\xb5\x7a\x5d\xa4\x0e\x54\xc5\x0c\xa8\x5a\x53\xa1\x26\x54\
\x2b\xb0\xff\x6b\xd9\x98\x4f\xe3\xbc\xe2\xfa\x5c\xf4\x9f\xa1\xf6\
\x01\x82\x95\xd4\x1f\x84\xf3\xb9\x02\x66\x80\xe2\x7f\x4b\x31\x07\
\xb0\x57\xfa\x7d\x81\xbd\x86\x56\xce\x02\x27\x47\xdb\xfe\x0b\x54\
\xff\x19\x66\x32\xc0\x8c\xfb\x7d\xde\x37\x9f\x03\xea\xcf\xcd\xe4\
\x83\x39\xf7\x65\xff\xff\xe8\x97\xe2\xdd\x4a\xf4\x6e\x39\xb2\x6c\
\x4d\x14\x2c\xc3\x79\xf7\x32\xec\xbd\x17\x32\xff\xff\x87\xfe\x7f\
\xa1\xf1\x1f\x7b\x80\x09\x5f\x41\x47\x7c\xdc\x63\xc2\x0c\x18\x3c\
\x66\x22\x0c\x1b\x35\x0e\x86\xbd\xff\x11\xfa\xff\x21\x6e\x3f\x64\
\x19\xa0\xe4\x80\xad\xfd\x1b\xdc\x5f\xc7\x5e\xc3\xb7\x44\x68\x14\
\x7c\x8b\xfb\x5f\x4c\xfd\x07\x3a\xce\x7a\x7f\xd5\x7f\xe2\x6b\x96\
\x09\x5d\x70\x5e\x50\xa1\x5a\x43\xa8\x54\xcd\x0e\xaa\x54\xaf\x87\
\xfe\xd7\xe1\x68\x32\xc0\xd6\xfe\x17\xd2\xba\x1e\x32\x0f\xc7\x7f\
\x6b\xfe\xcf\x33\x22\x92\xaf\x13\x90\xff\x8e\x2e\xd0\x1c\x33\x40\
\xf5\x5f\xa0\xce\xf5\x2d\xfa\xdf\x56\xe7\xff\x2a\x23\xef\x95\x79\
\x40\xf0\x88\x31\x8c\x01\x04\x66\xc0\x80\xe2\xf0\xff\x7d\x2b\xfe\
\x8f\x94\xfe\x3f\x4e\xb5\x22\x2c\x12\xbd\x8f\x44\xef\xd6\xc3\x52\
\x74\x7f\x29\xba\xb7\x14\xe7\xde\x4b\x55\xff\x3f\x17\xfe\x8b\x0c\
\x20\xf0\x7e\x47\xec\x0b\x3c\x26\x4c\x87\x01\x63\x26\xc3\xe0\x51\
\xe3\x61\xf0\xfb\x1f\xc3\x60\xf4\x7f\x08\x65\x00\xf2\x1e\xe6\xc0\
\x08\xc4\xd6\xfe\xc9\x7b\xd6\xef\x93\xf3\xc4\x1a\xda\x1a\xf6\xdf\
\x85\xc6\x7e\x36\xfe\x8b\x0c\x60\x7c\x25\xfc\xff\x8c\xf9\xff\x66\
\xb5\xfa\x6c\x1e\x50\x09\xdd\x67\x90\xfb\x22\x07\x6c\xed\x5f\x99\
\xff\xcf\x67\xf3\x7f\xa5\x07\x88\x34\x19\xf7\x15\xf7\x17\x2c\x5f\
\xc7\xd6\x06\xe9\xd8\x00\xfd\xad\xe2\x7f\x2b\xc7\x76\xfc\x58\x80\
\x13\x9f\xdf\xdb\x3b\x71\x5a\x69\xbd\x17\xb4\xc0\xc7\x9b\x31\x9c\
\xd4\x75\x7e\xbe\xde\xb7\xd2\x84\xfe\xe8\x3c\x31\x70\xc4\x68\xe6\
\xe6\x00\xcd\x5a\x80\x39\xff\xc9\x6d\x4b\x7e\x2b\xbf\x13\xa4\xc9\
\x02\xe5\xd8\x81\xb9\xb5\xbf\x61\x23\xa4\xff\x8f\x7a\xad\x50\xc6\
\x5c\x72\x1f\x59\xb2\x26\x1a\x96\x84\xc6\xb2\xde\x7b\x3e\xe2\x33\
\xf1\x73\xe8\x8c\xee\x33\x70\xdc\x67\xe0\x63\x9e\x93\xfe\x0b\x5e\
\xc2\xff\x41\xa3\x26\x22\x63\x61\x10\x66\xc0\x10\x64\x28\xfa\xff\
\x2e\xba\x3f\xbc\xc0\xfe\x47\x71\xff\xc5\x6b\xa0\x75\xff\x25\xab\
\x37\xb0\xfd\xfb\x62\xfe\x78\xa1\xeb\x5e\xe8\xbf\x17\x8e\xfb\x0c\
\xba\x8d\x7d\x41\xd7\xc9\x9f\x41\xb9\x1a\xf5\xe1\xf5\x1a\x76\xcc\
\xff\x37\x6b\xd6\x11\xd4\x86\x2a\x35\xf8\x7c\xc0\xd6\xfe\x17\x8a\
\xe3\x7a\xd4\xcf\x2b\x6b\x7d\xb3\x57\x16\xd0\xff\x15\x1a\xff\xdb\
\xba\x40\x6b\x27\x67\x68\xed\xec\xc4\x70\x10\xe8\xdd\x57\xfd\x77\
\x2e\x80\xff\xdf\xae\x84\x41\xe8\xfd\x60\x81\xe2\x67\x51\xfc\x0f\
\x36\xf3\xb8\xf4\xff\xc1\x2d\x07\x07\x07\xb0\x46\x93\x26\x4d\xac\
\xe2\x88\xef\x31\x46\x5b\x67\x1d\x2e\xe0\x80\xef\xdd\x8b\x97\x6f\
\xc0\x85\x2b\x37\x21\xe7\xf2\x2d\x38\x4b\x5c\xb9\x05\x59\x97\x6f\
\x23\x77\x20\x33\xff\x36\xa4\xe4\x03\x24\xe7\x5a\xe2\x2e\x64\xe4\
\xde\xc6\xdf\xc3\xbf\xc9\xbb\x01\x59\xf9\xd7\x21\xeb\xd2\x35\xc8\
\xbe\x7c\x0d\x9f\xef\x6f\x46\x6b\xdc\x8f\x3d\xa2\xec\xd7\x49\xec\
\xdb\x09\xf7\xed\x48\xfb\xcf\xbf\x06\x17\xf0\xef\x72\x90\xb3\xf9\
\x37\x18\x59\x04\x3e\x5f\x66\xde\x4d\x48\xcc\xbf\x03\xa7\xf2\x00\
\x4e\xe5\x72\x4e\x0b\x52\x90\xd4\xdc\x3b\xb8\x3f\xfc\x3b\xdc\xa7\
\x96\x1c\x7c\xce\x1c\xdc\x5e\xb8\x74\x15\xdc\x3a\x75\x81\x0e\x9d\
\x3a\x83\x3b\xe1\xe9\x09\x1d\x10\x37\x81\x2b\x3e\xb6\x78\x75\x18\
\xf6\x19\xe1\xb0\x70\x55\x04\xe6\x40\x04\x84\xac\x5a\x67\x44\xfd\
\x96\xce\x8c\x86\x2d\x8c\x69\x8c\x34\x6d\x85\xee\xb7\x71\xc1\xde\
\xdf\x0d\xbd\x76\x85\x56\xed\xf0\xbf\xd5\x19\x69\xe7\xcc\x70\x70\
\x6d\x07\x4e\x1d\xda\x83\x73\xc7\x0e\x8c\xb6\x66\x70\xf2\xe8\x08\
\x4e\xee\x1e\xe6\xe9\xe8\x61\xd3\xbf\x4e\xdd\xfd\xc0\x9d\xf0\xf7\
\x87\x0e\xdd\x11\xff\x1e\xe0\x86\x74\x10\x8c\x99\x32\x8d\xf1\xe1\
\xd4\xa9\x8c\x31\x3a\xee\xc7\x7b\x58\xd6\xbd\x57\x89\xf9\xef\xe8\
\x0a\xf6\x8e\x6e\x70\xe1\xf2\x4d\x83\xff\xcc\x7d\xf4\x9e\x01\x90\
\x81\xee\x65\xa0\x7b\xe9\xe8\x5a\xfa\x45\x1d\xb9\x9c\x4c\x74\x30\
\x33\x0f\xf3\x22\xef\x16\xf7\x16\x7d\xd4\xfb\x4f\xb4\x11\xfb\x6d\
\x2b\xfc\x6f\x8b\xee\xb7\xc1\xd7\x40\xee\x6b\xfd\xa7\xe7\xc8\x64\
\xdc\xc2\x7d\xdf\x82\x94\xbc\x3b\x90\x9c\x67\xc8\x9c\x54\xdc\x77\
\x1a\xe6\x4e\xe6\x45\x24\x97\xf6\x7b\x93\x65\xc5\xd9\xfc\x7f\x04\
\x37\xf0\xb9\xfe\x61\x19\x70\x01\x33\xc0\xcd\x83\xfc\xef\xc2\xfd\
\xef\x24\xfc\xef\xcc\x71\xf1\x2c\x3e\xff\x5b\xb7\x23\x5c\xc1\xc1\
\x85\x68\xc7\xdc\x6f\xe3\xe6\x7a\xcf\xfe\xb7\xeb\xc8\xb1\xf5\xfe\
\x28\xac\xff\x7a\xee\xc7\x7b\x58\xd6\xbd\x57\x49\xf8\xef\x80\x7d\
\xaa\x03\xf3\xd2\x95\xbb\x2f\xfc\xcf\x46\xef\x8d\xfd\xbf\x6b\xf0\
\x1f\x9d\x33\x46\x3c\x9e\x47\xbf\xc3\x7b\x80\xcc\x7c\xde\x03\x64\
\xd3\x18\x7c\x89\xfb\xdf\xd2\xc9\x85\xf5\xc6\x6c\x9f\x02\xea\x07\
\xd8\xfe\x29\x7f\x98\xfb\x37\x18\xd9\x94\x21\x79\xb7\xd8\x73\xa5\
\xe3\x36\x8d\xf9\x7f\x17\xfd\xbf\xcb\x33\x20\x8f\xc6\x7c\xf2\x9f\
\x72\xe7\x2e\x23\x4b\xc9\x1e\x86\x92\x05\x37\x58\x9e\xd0\x73\xbb\
\x79\x78\x8b\x1e\x80\xf7\x01\xe4\xbf\x2b\x73\x5f\xe7\x3f\x32\x5f\
\x64\x80\x96\xfa\x2d\xdb\x32\x1a\x0a\x1a\x13\xe4\x7e\x8b\xb6\xf0\
\x76\xeb\x76\xe8\x7f\x3b\xee\xbf\x73\x07\x9e\x01\xe8\x7f\x6b\xf4\
\xdf\xde\x0d\xff\x1b\xdb\xbb\x81\x23\xfa\x6f\xce\x7b\x85\x76\xee\
\x1d\x2d\xe2\x82\xd8\x7a\x7f\x30\xff\xfd\x8d\xfd\xa7\xad\x3b\x6e\
\x09\xc5\xf3\x8f\xa7\x70\x3e\xd2\x71\x3f\xde\xc3\xb2\xee\xbd\x4a\
\xc4\x7f\x02\xc7\xde\xd6\x6d\x8d\xc7\x7f\xf2\x3f\xf3\x12\x7a\x8f\
\xee\xa7\xe3\x36\x0d\x7b\x7f\xee\xff\x5d\xe6\xb9\x39\x68\x0c\xe6\
\xe3\xff\x6d\xd5\xc1\x6c\x31\xfe\x32\xff\x9d\x9d\x31\x03\xd0\x79\
\x8d\xff\xad\x15\xff\xdb\x1a\xfc\x3f\xc7\x7a\xfe\x5b\xec\xb9\xd2\
\x91\x54\x1c\xf7\x53\xf1\xf9\x15\x52\x04\x74\x3b\x8d\x32\x47\xf8\
\xaf\xe6\x00\xcd\x05\xc4\x6b\xc8\x66\xcf\x77\x1d\xce\x2b\xfe\x23\
\x8a\xff\xed\x11\xf2\x9e\x70\xf6\xec\x62\xd5\xff\x05\x88\x91\xf7\
\x08\x79\xaf\x6c\xcd\xfa\x2f\x32\xc0\xde\xd5\x0d\x1c\xdc\xda\x83\
\x63\x7b\xf2\xbc\xa3\x86\x82\xf9\xef\x2a\xb0\xf5\xfe\xe8\xe4\xef\
\xcf\xdc\x77\x17\xde\xdb\xf2\x7f\x2c\x32\x4e\x30\x5e\xfa\xff\xc0\
\x57\xb1\xf9\x6f\x94\x03\xdc\x3f\x07\x1c\x7f\x73\xaf\xfc\xa3\x99\
\xff\xd3\x7c\x1a\x58\x06\xa4\x63\x06\xa4\x5d\xba\xc3\xe6\x00\xe9\
\xc2\x49\x2d\x99\x3a\xb2\x04\x67\xd1\x3f\x3e\xfe\x92\xff\x7f\x71\
\xff\x11\xb6\x36\xe6\xa4\xed\x3d\xb8\xff\x39\xc2\xff\xb3\x79\xc2\
\xff\xdc\xdb\x22\x5b\x94\x1c\xe0\xa4\x99\x79\x0d\x1c\xde\x8f\xb0\
\x1c\x10\x7d\xc8\x19\x7a\x3e\x5a\x17\xc0\xe7\x76\xe9\xa4\xf5\xbf\
\x0b\xce\xfb\xd1\x7d\xca\x00\xbc\xcd\xfc\x5f\x15\x6e\xd4\xff\x13\
\x74\x7b\x11\x3e\xbe\x04\x69\xd2\x82\xbb\xfe\x56\x4b\x47\x68\xaa\
\xe3\xed\xd6\x4e\xc6\xfe\x6b\x32\xc0\xde\xa5\x03\xce\x01\x3a\xa2\
\xff\xee\xd0\xb6\x83\x87\xc0\x34\x03\x8a\xd5\x7f\x35\x03\x94\xc7\
\xfc\xb9\xff\x3a\xef\x89\x89\x93\xa7\xc2\xa4\xc9\xd2\xff\x07\xbd\
\xee\x87\xff\x17\x91\x1c\xec\x03\x72\x2e\xa1\xbb\x97\x0c\x19\x90\
\x41\xfe\x5f\x42\xc7\xa8\xb7\x17\x63\x33\xe7\x96\x51\xcf\x9d\x8d\
\x30\xef\x15\x68\xfc\xbf\x74\x95\xfb\x8f\xbe\xb7\x72\x2a\x88\xff\
\xd8\xbb\x53\x2f\x21\xe6\x17\xca\xbe\xd4\xbc\xc9\xbf\xa9\x83\xbf\
\x26\xfe\x73\x74\x9e\xfd\x0d\x9f\x83\xa8\xfe\x5f\x32\xe3\x3f\xe2\
\xc2\xf0\x06\x67\x84\xfc\xe7\x70\xef\x89\xc5\x8c\x70\xf8\x06\x79\
\xab\x85\x23\xbc\xd3\xdc\x11\x9a\xd1\x16\x79\xbb\x65\x1b\x9c\xf7\
\xdb\x5b\xf6\x5f\x60\xdf\xae\x23\xfa\xef\x0e\x8e\x6e\xe8\x7d\x7b\
\x4f\x0e\x65\x40\x31\xfb\xef\xee\xc7\xbd\x77\xf7\x0b\x10\x63\x3e\
\xf7\xbe\x93\xe0\x43\xd1\xe7\x2b\xde\x4f\x10\x4c\x92\xfe\x3f\x14\
\x55\xfc\xfe\x3b\x19\xe6\x00\xe8\x60\xee\x5f\xd7\x45\x0f\xa0\x64\
\xc0\x1d\x35\x03\xce\xe4\xa3\x77\x97\x6e\x62\x06\x70\xa7\xf8\xfc\
\x5a\x81\xfb\x7f\x4e\xcc\xdd\x8d\xb9\xce\xdc\xcf\xb9\x72\xd9\xa8\
\xef\xd7\xd2\xca\x09\xbd\xa1\xf9\x7f\x1e\xee\x3b\xf7\x16\xe4\x20\
\x67\x73\x79\x0f\xa1\xed\x2b\x32\x04\x59\xe8\x7c\x96\x58\x1f\x3c\
\x73\xe9\x86\x58\x6f\xe0\x6b\x84\x04\xef\xff\x0d\x6b\x90\xe7\x2e\
\xf1\x63\x00\xb6\xc6\xff\x6f\xb0\xff\x5f\xbc\x2a\x8c\xf7\x01\x02\
\x25\x13\xc8\xff\x77\x5a\xb4\x41\xf7\x1d\xa0\x59\x4b\xc2\x1e\x69\
\x0d\x6f\xb7\x22\xf0\xbe\x7d\x5b\xfc\x6f\x70\xc2\x5c\x6b\x07\x0e\
\x4a\xef\xaf\xf7\x5f\x8c\xff\xce\xed\x89\x8e\xe0\x8c\x3d\x80\xb2\
\x1e\xe8\x5c\x1c\xfe\x2b\x63\x3d\xe6\x40\x27\x3f\xe1\x7d\x77\x3f\
\x8e\xbf\x9f\x3a\xee\x8f\xd7\xb8\x2f\xfd\x7f\x78\xaa\xd8\xfd\x17\
\x3d\x00\x1f\x87\xdb\xa1\xfb\xd7\x59\x06\x90\xff\x6c\x2d\x00\xe7\
\x01\xe7\x94\xb5\x40\x1c\xfb\xb3\x2f\xdd\x64\xf3\xe9\x6c\x71\x6c\
\x4e\x4f\x8e\x58\xbb\x37\x86\xf7\xfe\xe7\xd1\x7f\x73\xee\x33\xff\
\xd9\x39\x33\xae\x1a\xff\x6f\x9b\xf1\x1f\x1f\xff\xeb\x2e\x9c\xff\
\xeb\x0e\x72\x1b\x2e\xfc\x75\x8b\x91\x83\xf7\xcf\x22\xd9\x97\x35\
\xaf\x4f\xac\xfd\xf1\x63\x90\x36\xfc\xf7\xe4\xfe\xb7\xeb\xc4\xfd\
\x67\xe8\xbc\x27\x96\x21\xdc\x7b\x01\x7a\xdf\x8c\xb9\xdf\x4a\xf8\
\xef\x88\xfe\xb7\x2d\xb8\xff\x1d\x4a\xce\xff\x4e\xe8\x7f\x67\xdc\
\x72\xfc\x54\xf4\xe3\x3e\x63\xb2\xf4\xff\x51\x29\xfa\x5c\xb9\x39\
\x94\xf3\x4f\xcb\xbe\x56\xd1\x88\xf2\x5a\x2a\x56\x84\x3a\xf5\x1b\
\x42\x1d\xbb\x46\x50\x0b\xa9\x51\xaf\x09\xd2\x14\x6a\xd4\x7d\x1b\
\xaa\x23\xb4\xfd\xe2\xab\x85\xf0\xc5\xd7\x0b\xe1\xbf\xb3\x16\xc2\
\x4c\x33\x6c\xda\xb6\x0b\xe2\x4d\xd8\x09\xf1\xdb\xbf\x83\xf8\x1d\
\xdb\xe1\x26\xdc\x35\xe5\x2e\xc0\xcd\x3b\x00\x37\x6e\x03\x1c\xfc\
\xf1\x28\x1c\x3c\x7c\x02\xf6\x1f\x3e\x09\x7b\x91\xdd\x3f\x12\x27\
\x18\x7b\x7f\x3c\x0e\xf9\x57\xef\xc2\xa5\xab\x77\x18\xf9\x48\xde\
\xb5\x3b\x90\x2b\xa0\xdb\xc9\x59\x17\x91\x5c\x48\xc2\x6d\x12\x6e\
\x13\xb3\x89\x0b\x90\x84\xa4\x20\x55\x6b\xd7\x63\x54\xaf\x85\xd4\
\xae\xcb\xa8\x52\xbb\x36\x54\xaa\x51\x13\xde\xa8\x56\x1d\x2a\x56\
\xa9\x0a\xe5\x2a\x55\x81\x57\x5e\xaf\x04\x2f\xbf\x66\xcc\x2b\xc8\
\xc8\xd1\x1f\xc2\xfb\x63\x0c\x8c\xfc\x60\x0c\x67\x0c\x67\xe3\xb6\
\xad\xb0\x71\xeb\x36\x64\x07\x63\x03\x12\xbd\x65\x3b\x44\x6f\xde\
\x06\xeb\x37\x6d\x81\xf5\x71\xf1\xb0\x6e\xc3\x26\x08\x8f\x89\xe5\
\xc4\x46\x1b\x31\x65\xc6\x74\xab\x78\x0b\x8f\x3d\x70\x3c\x77\xe9\
\xe1\x07\xed\x7b\xf0\xe3\x7d\xca\x18\x5f\xda\xef\x3f\x59\xa5\x5b\
\x45\xf2\xff\x35\xe1\x3f\x52\x4b\x64\x40\x2d\xcc\x00\x4e\x53\xa8\
\x55\xb7\x29\x7c\x85\xfe\x13\xff\xc3\x0c\xf8\x6c\x96\xc2\x02\x64\
\x3e\x23\x7e\xdb\xf7\xe8\xba\x19\x76\xd8\xf6\xff\xa6\xd6\xff\x43\
\xc2\xff\xc3\xdc\xff\xbd\x47\x8e\xc1\xfe\x1f\x8f\xc1\xdf\x37\x00\
\xae\x21\x7f\x0b\xfe\x42\xae\xdc\x34\x90\x96\x75\x1e\x21\xd7\xcf\
\x33\xe7\x13\x05\x46\xfe\xd7\xd2\xfb\x5f\xcb\xc8\xff\x0a\x95\x2a\
\xe3\xbf\x4d\x25\x78\xd5\x0c\x23\xc7\x98\xf1\xff\xc3\xd1\x6a\x0e\
\x70\xff\x89\xed\x25\xe6\xbf\x27\xd2\x11\x5d\x77\xee\xe9\x07\xae\
\xe8\x7f\x87\xee\x86\x0c\x28\xed\xf7\x9f\xac\xd2\xad\x7b\xf1\x5f\
\x7b\xbf\x4e\x83\xfa\x6a\x06\xd4\x46\xff\xa9\x17\x60\xdb\xba\x4d\
\x18\x5f\xa2\xe3\xc4\xe7\x2a\xf3\x90\x10\xf8\x7c\x36\x27\x01\xfd\
\x67\xe0\x78\x6f\xcc\x76\x48\x40\xff\x6f\xdf\xbd\x6b\xca\x1d\x83\
\xff\x87\x7f\xfc\x13\x0e\x1f\x3e\x66\xe8\x01\xd8\xb8\x7f\x8c\xb1\
\x1f\xb3\xe1\x2a\xfa\x7e\xfd\xa6\x81\xab\xc8\xdf\x1a\xd2\xb2\x0d\
\xfe\xa7\x08\xef\x93\xd8\xed\xf3\xec\x67\xca\xd8\x5f\x13\xbd\x27\
\xaa\xd7\xa9\x0d\x55\xea\xa0\xff\x35\x6b\xc0\x1b\xd5\xab\xc1\xeb\
\x55\x2a\xa3\xff\x95\xa0\xec\xeb\x6f\xc0\xab\x7a\x5e\x7b\x03\x46\
\x19\xf9\x3f\x06\x19\x0d\xef\x7f\x60\x20\x7e\x7b\x02\x66\xe0\x16\
\x88\x67\xfe\x6f\x87\x0d\xdb\xb6\x43\x0c\xf6\x03\xd1\x09\xe8\x7e\
\xfc\x66\xf4\x7f\x13\xfa\xbf\x11\x22\xa3\xa3\x21\x32\xc6\x14\x5b\
\xfe\x7b\x89\xb1\xdf\x0d\xbd\x77\x42\xff\x9d\x7b\xf0\xdb\x94\x01\
\x1d\xa5\xff\x8f\x7d\xd9\xf2\x5f\x3b\xd6\x5b\xf4\x1f\xa9\x67\xc7\
\x33\x80\x6d\x91\x7a\xf5\x1a\x21\x8d\x55\xff\x0d\x84\x70\x66\xcf\
\x65\xe8\x7d\xdf\xaa\xa3\x40\xfe\xff\x68\xf0\x7f\x3f\xfa\xbf\xff\
\x47\x3e\xf6\x1f\xc4\x9f\x5d\x27\xff\x91\x1b\x82\xeb\xb7\x0c\x5c\
\xbb\x25\xfc\x17\xa4\x08\x52\xc5\xfd\x4c\xa4\x7a\x2d\x53\xff\xab\
\xd6\xa9\x09\x95\x6b\xd4\x80\x37\x85\xff\xaf\x55\xae\x04\xe5\xd1\
\xf7\x72\xaf\x99\xf2\xbe\x89\xff\x63\x8c\xfd\xc7\xf1\x9f\x21\xfc\
\x27\x62\xd1\xff\x58\xf4\x3f\x5a\xeb\xbf\x19\xf7\x6d\xf9\x3f\x19\
\xe9\xec\xe7\x0f\x1e\x38\xa7\x77\xeb\xee\x8f\xee\xfb\x43\xdb\x9e\
\x3c\x07\x88\x76\x3d\xa4\xff\x8f\x7b\x59\xf2\x5f\x41\xdf\xef\xeb\
\xe7\x01\xf5\xea\xd7\x37\x42\xe9\x05\xea\x88\x5e\x40\xf5\xdd\x8c\
\xfb\xcc\xff\x1d\xe6\xbd\xdf\xbe\x9d\x53\x70\xff\xf5\x19\xc0\x73\
\xe0\xaa\xf0\xff\xba\xe8\x03\xfe\xa1\xf9\xc0\x4d\x83\xff\xe9\x67\
\xcf\x41\xaa\x06\x6d\x1e\x10\xd5\x85\xf7\x35\x6b\xd5\x85\x5a\x38\
\xef\xaf\x8d\xd4\xaa\x55\x0b\x6a\x54\xaf\x01\x55\xab\x55\x83\x4a\
\x95\xab\xc2\x1b\x6f\x56\xc6\x7f\x8b\x82\xf8\xaf\xc9\x00\x81\xea\
\xbf\x80\xfc\x8f\xdb\x62\xf0\x3f\x7a\x63\x1c\x44\xc5\x6d\x28\x94\
\xff\x93\x3e\x45\x66\x7c\x0a\x13\x10\x5a\xcf\x23\xff\xdb\xfb\xf7\
\x00\x17\xcc\x00\x27\xcc\x00\xe9\xbf\x2c\xa5\x6c\xf9\x5f\xb1\x62\
\x45\x15\x13\xff\x2b\xbe\xce\xbd\xc7\xf1\xbe\x3e\x8d\xf9\xc5\xe0\
\xbf\xe2\xbd\xc2\x5d\xf4\xfd\xae\x39\xff\xef\x2a\xfe\xff\x81\x1c\
\xc5\xb1\xde\x90\x01\x2a\xc2\x7f\x96\x01\xff\x70\xff\x95\x3e\xe0\
\xe6\x4d\x4e\x56\xf6\x39\x15\x96\x05\x62\xfc\x4f\xa7\xf1\x3f\xeb\
\x3c\xd4\x40\xf7\x6b\xa1\xfb\x75\x10\xbb\x5a\xb5\xa1\x01\x52\xbf\
\x66\x2d\xa8\x83\xfe\xd7\xac\x5a\x0d\xaa\x54\xaa\x0a\x95\xd0\xff\
\x8a\x05\xf6\xdf\x18\xbd\xff\xd4\x07\x6c\x42\xff\xe3\x36\x6f\x81\
\xd8\x4d\xdc\xff\xf5\x1b\x62\xef\xdd\x7f\xbf\x1e\xe0\x81\x74\xf4\
\x0b\x60\x19\xe0\x8a\x19\x40\xfd\x7f\x7b\xb1\x06\x50\xda\xef\x3f\
\x59\xa5\x5b\x85\xf5\x9f\x65\x00\x7a\x5f\x5e\x50\xcf\xae\x01\xeb\
\xf5\xeb\xd7\x6d\xc4\x6e\xd3\x5c\xa0\x56\xfd\x06\xea\x7a\x20\xf3\
\xfd\xeb\x05\xc8\x42\x43\x06\x14\xc7\xf8\x2f\xd6\x00\x0f\x1f\xf9\
\x83\x65\xc0\x41\xdc\x2a\x6b\x81\x8a\xfb\x46\xfe\x6b\xe6\x01\xd4\
\x03\xdc\xa0\x5e\x80\xe6\xff\xe8\x7c\x0a\x92\x8c\x24\x22\x27\xcf\
\x9e\x67\x24\x9e\x3d\xcf\xd6\x01\xde\xac\x53\x17\x2a\x21\x55\xb1\
\xef\xaf\x4e\x63\x3f\xf5\x00\x9a\xf1\xff\x4d\x1c\xff\x5f\x2f\xd4\
\xf8\x6f\xde\xff\x8d\x1a\xe2\xb6\x6e\x81\x0d\x5b\x12\x18\xd1\x9b\
\x37\x41\xc4\x86\x18\x58\x1b\x13\x65\xb2\xf6\x47\x30\xd7\x75\x4c\
\x20\xd0\xfd\x71\x62\xfc\xa7\xe3\xfa\x2c\x03\xc4\xb1\x3e\x0f\x7f\
\x7e\x6c\x9f\x8e\x0b\x94\xf6\xfb\x4f\x56\xe9\x56\x51\xfc\x2f\x57\
\xe1\x75\xa8\x49\xc7\xfd\xec\x1a\xb3\x35\xff\x1a\x78\xbb\x1a\x8e\
\xfd\x55\xea\x37\x42\x1a\x43\x55\xdc\x7e\x41\xce\x93\xfb\x25\xe9\
\x3f\xb9\xff\xd3\x1f\x6c\xbe\xaf\x78\x4f\xb7\x0f\x20\x7f\x89\x35\
\xff\xbf\xff\x01\xf5\x58\xc0\x35\x31\x17\xf8\x0b\xfb\xff\x83\x39\
\x17\x61\xdf\xf9\x5c\x03\x39\x79\x70\x00\x39\x74\x8e\xf3\x6c\xbd\
\x06\x8c\xe7\xea\xd9\xc1\xf3\xc8\x0b\xf5\xea\xc1\x0b\x75\xeb\xc2\
\x0b\xd8\x07\xbc\x54\xbd\x26\x94\xaf\x52\x15\xca\xd3\xfa\x7f\x81\
\xe6\xff\x66\xfc\xdf\x6a\xdd\x7f\x22\x12\xc7\xff\x7b\xf1\x7f\xbc\
\xe2\xbf\x38\xbe\x4f\x5b\x4f\x84\xd6\x04\xbd\x05\xa5\xfd\xfe\x93\
\xf5\x60\x97\xd9\x75\x41\x47\x27\x68\x43\xe7\xad\xb6\x71\x81\x66\
\x7d\x82\xa1\x29\xf2\x56\xef\x01\xd0\xa4\xd7\x50\x68\xd4\xeb\x5d\
\x68\xd0\x7b\x30\x34\xe8\xdb\x17\x9a\xf6\xed\x03\x65\x2b\xd5\xc4\
\xf1\xb1\x96\xa0\x06\xbc\x5e\xa9\x1a\xbc\x4e\x63\xa6\x05\xde\x54\
\xa9\xcc\xe8\xd0\xd9\xc3\x18\xf1\x19\x7c\xf6\x59\x3c\x24\x3c\x3a\
\x0e\xc2\xa3\x36\x72\xd6\xc7\x0b\x36\x33\xc2\x90\x90\xf0\x38\x98\
\x43\x44\x6c\x60\xcc\x46\xe6\x46\xc4\xc2\x2c\x64\xea\xba\x8d\xf0\
\xe1\xaf\xe7\x61\xc4\xaf\x79\x30\x1c\x79\x17\x19\x46\xfc\x86\xb7\
\x7f\xbb\x08\xef\x21\xde\x9b\x7e\x06\x1f\x22\xfe\x27\xf0\xd9\xfc\
\x23\x72\x18\xfc\x36\x1f\x82\x5e\xf1\x87\x60\xc8\xa6\xfd\x50\xbd\
\xb9\x3d\x34\x6c\xd6\x0a\x1a\x0b\x9a\x0a\xde\x6e\xd6\x82\x51\x01\
\x33\xc0\x1c\xe5\x5e\xab\xc4\x58\x2a\xbe\x07\xc0\x12\x71\x5b\xb6\
\x32\x36\x6d\xdb\x61\xcc\xf6\x1d\xec\x18\x69\xc2\x77\xdf\xc3\x96\
\xef\x77\xc2\xd6\x9d\xbb\x4c\xd8\x82\x94\xf6\xfb\x47\xd6\xc3\x5d\
\x66\xfd\x6f\xc3\xfd\x6f\xd1\xc6\x0d\x9a\xf4\xe9\x0f\x0d\x82\x06\
\x40\x83\x3e\x03\xc1\x0e\xdd\xaf\xdb\x6b\x38\xd4\xee\x3d\x14\x6a\
\xf7\x0b\x86\x06\xfd\x82\xd0\xff\x5a\xa6\xfe\x57\x2a\x21\xff\x59\
\x06\x18\x72\x20\x0c\x21\xf7\xbf\x8e\x10\x84\x6f\x84\xaf\x28\x03\
\xf0\xb1\x2f\x23\x36\xc2\xb8\x75\x9b\xa1\xef\xef\x79\xe0\xff\xfb\
\x15\x95\x9e\x48\xc0\x6f\x57\x20\xf0\xf7\x4b\xd0\x1b\x71\x8e\xff\
\x1d\xda\x21\x2e\x9b\x7f\x83\x76\x09\xbf\x20\x3f\x43\xfb\x84\x23\
\xd0\x79\xf3\x11\x08\xc4\x0c\xa8\xde\xcc\xa1\x44\xfd\x57\x8e\x09\
\xdc\x8b\xff\x5b\xa5\xff\xb2\x8a\x58\x26\x73\x02\x47\xa4\x8d\x33\
\xb4\x75\x70\x81\x56\x0e\xed\xd1\x7f\x74\xbf\xf7\x20\x36\xe6\x33\
\xff\x03\xdf\x43\xff\x87\x41\xed\xbe\xfd\x59\x0f\x60\xe2\xbf\x9a\
\x01\xd5\xac\xf7\x02\x55\x2a\x33\x0a\xe4\xbf\x02\xfa\x1f\x16\x6d\
\x60\x4d\xd4\x26\x74\x7d\x23\x7a\xbf\x49\xf8\xbf\x09\xbe\x5a\x8b\
\x8f\x21\x5f\xae\x8d\x87\xb1\x91\x5b\x20\xe0\x8f\x3c\xe8\xf2\xe7\
\x15\xf0\x11\xf8\xfe\xc1\xf1\xfb\xe3\x12\xf8\x23\xad\x37\xff\x0e\
\x0e\x44\xc2\x6f\x60\xbf\xe5\x17\xb0\xdf\xfa\x33\xb4\xdd\x7a\x84\
\x65\x00\xf5\x01\x55\x9a\x3b\x40\x83\x7b\xf2\x9f\xa3\x78\xbe\xc4\
\x02\x71\xe8\xb9\x25\x36\xd2\x39\x52\xe8\xff\xe6\x9d\x3b\x21\x61\
\xd7\x2e\xb3\x94\xf6\xfb\x47\xd6\xc3\x5d\x8a\xf7\xce\x8e\x82\x36\
\x44\x3b\x70\xb6\x77\x01\x7b\x7b\xf4\xbf\xb7\xf0\x3f\x70\x28\xf3\
\x9f\x67\xc0\x30\xa8\x1b\x34\x10\x1a\x05\x05\x17\xdd\x7f\xc5\x77\
\x3d\xe6\xfc\x47\x98\xfb\x51\xf1\x8c\x50\x1c\xff\xa9\xdf\x57\xdc\
\xff\x7a\x2d\xf9\xbf\x19\xfd\x8f\x87\x2f\xc3\x12\x60\x5c\xf8\x56\
\x08\xfa\x3d\x1f\xba\xa1\xef\x5d\x85\xf7\xde\x94\x03\x74\xff\xcf\
\x4b\x8c\xe6\x09\xbf\x43\x0b\xa4\xe5\x96\xdf\xa0\xc5\xd6\x5f\x18\
\x94\x01\xd4\x07\xd0\x5c\xa0\x92\xc6\x7f\xe6\xfd\x3b\xc5\xeb\xbf\
\x7e\xdc\xb7\xe5\xbf\x76\xec\xdf\x26\xc7\x7f\x59\x45\x2c\xc5\x7f\
\x27\x13\xff\x5d\xa1\xb5\x7d\x07\xf4\x7f\x20\x9f\xef\xa3\xff\x0d\
\x02\xd1\x7f\x74\xdf\xae\xcf\x20\x64\x00\x34\x0e\xea\x6f\xa1\xff\
\x2f\x80\xff\x02\x4b\xde\x9b\xf8\xaf\x19\xfb\x43\x71\xdc\x27\xf7\
\x57\xe1\xfc\xdf\xd8\xff\x78\xf4\x1f\x33\x21\xcc\xe0\x7f\xf0\x6f\
\xe8\xff\xef\xdc\xfb\x2e\xc2\x7d\xca\x03\x1a\xfb\xa9\x07\x68\x21\
\xfc\x6f\x81\xfe\x37\x23\xd0\xff\x56\xd8\x07\x38\xe3\x5c\xc0\x27\
\xfe\x08\xbc\xd9\xc2\x01\xea\xa3\xef\x4d\x84\xfb\x7a\x2a\x54\xac\
\x64\x40\xf1\xff\xf5\xd7\x6c\xfa\xaf\x3c\xae\x78\xbf\xd9\x4c\x06\
\x68\xfd\xd7\xf7\xfd\x3b\xbe\xdf\x05\xdf\x7d\x2f\xfd\x97\x55\xb4\
\x72\x40\xf7\x15\xf8\xda\x5f\x5b\x36\xf7\x6f\xe3\xe0\x0a\x2d\x1c\
\x4c\xfd\x6f\x80\xfe\xd3\x5a\x00\xad\x09\x34\x45\xff\xcb\x31\xff\
\x6b\x0a\xaa\x17\xde\x7f\x9d\xef\xb6\xfc\x5f\x23\xc6\xfd\xd5\xeb\
\x13\x60\xf9\xfa\x2d\x6c\xae\xff\x35\xb1\xd6\xe0\xff\x2c\x74\xff\
\x8b\xb0\xad\x30\x2e\x62\x2b\xf4\xff\x3d\x97\x79\xee\x83\x63\x7d\
\x97\xa3\x97\xc0\x17\xb7\xb4\x0e\x10\x80\x73\xff\x9e\x88\x83\xa6\
\xff\x6f\x4d\x73\x00\xa4\xed\xe6\xdf\xa0\x7d\xfc\x6f\xe0\xbf\xe9\
\x27\x23\xff\xdf\x41\xdf\x9b\x15\xb3\xff\x9b\x85\xfb\x5b\x74\x19\
\xa0\xcc\xff\xf5\xfe\x6f\x17\x7c\x27\xfd\x97\x55\xc4\x02\x80\x7f\
\xb5\xa4\xef\x99\x70\xe2\x34\x57\x68\x4b\xd7\xad\x72\x85\xa6\x6d\
\x3a\x40\x63\x23\xff\x09\xbc\x8d\xe3\x3f\x65\x40\x53\xec\xff\xcb\
\x55\xa2\x9e\x5f\xac\xf9\x55\xd2\xae\xef\x71\xac\xf5\xfe\x46\xfd\
\x7f\x01\xfd\x0f\x45\xff\x57\x22\x2b\xd0\x7d\xf2\x9f\xd6\xff\x68\
\x0d\x80\x7a\x7e\xe2\x6b\x74\x9f\xfc\xff\x5c\xf1\xff\x8f\x0b\xe0\
\xff\x67\x1e\xf8\x1e\xcd\xc3\x1e\x80\xf7\xfc\xdd\x31\x0f\x02\x7f\
\xcf\x83\xde\x08\xad\xff\x39\x2b\xeb\x7f\x02\x72\xbf\xf3\xa6\xdf\
\xa0\x57\x1c\xf9\xdf\x06\xec\x9a\xf3\xfe\xbf\xc0\xe3\x3f\xb9\x4f\
\x19\x80\x7c\x8b\x8e\x7f\x6b\x66\xdd\x4f\x79\x7c\x8b\x70\x7f\x8b\
\x3e\x03\x84\xff\x9b\xd1\xff\x84\xef\x77\xb2\x5e\x5f\xeb\xbd\xf4\
\x5f\x56\x51\x2b\x0f\xe0\x3f\x0d\x9c\xda\x41\x5d\x67\x17\xa8\x83\
\xd4\x56\x68\xeb\x86\x74\x80\x1a\x8e\x1e\x38\xfe\x0f\x82\xc6\xe8\
\x7c\xd3\x5e\x43\x39\x81\x83\xa0\x69\x6f\x1c\xfb\xfb\xf4\x67\xc7\
\x06\x99\xff\x9a\x71\xbe\xa4\xfd\x5f\x4d\xee\x23\xcb\xd7\x25\xc0\
\x92\xc8\x78\x08\x89\xdc\x04\x73\x22\x36\xb2\x35\x3f\xd5\xff\x35\
\x5b\xe1\xf3\x35\xe4\xff\x36\x08\xfe\xf3\x3c\xf8\x1f\xbd\x08\x5d\
\x8f\xe6\x82\x0f\x66\x40\x37\xcc\x02\x1a\xf7\xfb\xa0\xfb\xfd\xb0\
\x37\xf0\x8c\xff\x19\xba\x20\xde\x38\xd6\xfb\x08\xba\x21\x01\xe8\
\xfe\xe0\xb8\xc3\x50\x19\xc7\x7f\xf2\xbf\x11\xfa\xff\x56\x21\xfd\
\xa7\xf3\x28\xef\xc5\xff\xcd\xc2\xff\xcd\xe8\xff\x16\xf4\x7f\x1b\
\xfa\xaf\x1f\xf7\xa5\xff\xb2\x8a\x5a\x19\x00\x6f\x7c\x7e\x24\x0b\
\x26\xfe\x94\x03\x1f\xfd\x9c\x03\xef\xff\x92\x03\x23\x7e\x15\xe0\
\xed\x8f\x7e\x39\x07\x35\xdd\xba\xc2\x5b\x2e\xbe\xd0\xca\xd9\x17\
\x1c\x90\x36\xce\x3e\x60\xef\xd2\x05\xec\x5d\xbd\xc0\xc1\xb5\x33\
\x0c\x79\xef\x7d\x18\xfa\xde\x48\x78\x77\x38\x32\x62\xb8\x81\xe1\
\xfc\x31\x6f\xdf\x6e\x0c\x2f\x5f\x7f\x04\xb7\x5d\xbb\x1a\x51\xb7\
\x61\x03\x63\x1a\x34\xe2\xd4\x6f\xcc\x88\x88\x8a\x81\x88\xf5\x31\
\xb0\x36\x6a\x03\xac\x59\xbf\x01\x56\x45\xc5\xc1\x72\x9c\xff\x2f\
\xc3\x39\xc0\x52\x9c\x03\x2c\xc0\x0c\x98\x1b\x81\x84\x6f\x86\xb9\
\x6b\x13\x10\x9c\x13\x84\x6d\xc3\xf9\xff\x76\x18\x1f\xbe\x13\x7c\
\xf6\x9e\x84\xf6\xfb\x4f\x81\xcb\xbe\xd3\xe0\xbc\x2f\x19\x5c\xf7\
\xa6\x80\xfb\x9e\x14\xf0\xda\x9d\x02\xdd\x77\x27\xc2\xb3\x4e\x6e\
\x50\x16\xfb\x9d\x37\x1c\xdb\x41\x65\x9c\xf7\xbc\xe9\xc8\xa9\xe4\
\xe0\x0c\x55\xed\xdb\x42\xed\x96\xad\x55\xff\x9b\x9a\xe9\x01\x8c\
\xfc\xd7\xe4\x00\x3f\x7f\xea\x35\x78\xb9\x7c\x39\x78\xe9\xd5\x57\
\xe1\xc5\x57\x5f\xe1\xbc\x52\xd6\x88\xcf\x3e\xff\x92\xf1\xf9\xe7\
\x9f\xc3\x67\x5f\x70\x66\x6a\xa8\x55\xb7\x8e\x59\xea\xd4\xe1\xd4\
\xab\x57\xcf\x2a\xa5\xfd\x1e\x93\xf5\xe0\x56\x26\x40\xad\x49\xe8\
\xfe\x88\x9f\x73\x61\xf0\x2f\xb9\x10\xfc\xab\x31\xc3\x7f\xb9\x00\
\xb5\x5d\xbb\x41\xf3\x76\xbe\xe0\xe8\xe4\x0b\xed\x08\x67\x6f\x70\
\x6a\xe7\x05\x4e\x2e\x9d\xc1\xc9\xb5\x13\xba\x3f\x0a\x86\x32\xd7\
\x47\x94\x9c\xff\x51\xdc\xff\x50\x64\xa5\xc6\xff\x25\xeb\x36\x73\
\xff\xc3\x05\xc2\xff\x59\xe8\xff\x17\x61\xdf\xc1\xf8\xb5\xbb\xc0\
\x67\xdf\x09\xe8\xb0\xff\x24\xb8\x89\x0c\x70\xc5\x0c\x70\xdf\x93\
\xcc\xfc\x0f\x40\xff\xc9\xfd\x1a\x8e\x8e\x60\xd7\xc6\x11\x1a\x3a\
\x38\x42\x7d\x07\x7e\xbb\xbe\x03\xf6\xfd\xad\x1d\xa0\xae\xc6\x7f\
\x73\x6b\x80\xd6\xfc\x2f\x5b\xbe\xe2\x3d\xf9\xaf\x45\xf1\x5c\xfa\
\x2f\xab\xb8\x0b\xfd\x6f\xfc\x31\x8e\xfb\x83\xd0\xfd\xbe\xe8\x7b\
\xef\xdf\x72\x21\xe8\x37\x83\xff\x23\xf4\xfe\xe3\xd8\xdf\xce\xb9\
\x0b\xf7\x9f\x20\xff\xd1\xfb\xa1\x23\xde\x43\xe7\x8d\x19\x3e\x7c\
\x38\xc3\x9b\x3c\xf7\xed\xca\xdd\x57\xfc\xef\xe6\xa3\x52\xb7\x91\
\x1d\x7a\x6f\x67\xd1\xff\xb5\xd1\x31\x8c\x35\xe8\xfe\x6a\xe1\xff\
\xb7\xe8\xff\x37\xc2\xff\x85\xe8\xff\x3c\xec\xff\xe7\xa1\xff\xf3\
\xc2\x13\x20\x44\xe3\xff\xc4\xb5\x38\xfe\xef\x3f\x06\x1d\x0e\x1c\
\x47\xff\x4f\x82\xcb\xfe\x44\x70\xc3\x0c\x70\xdf\x7b\x1a\xbc\xf6\
\x24\x41\xe0\xee\x93\x38\xee\x3b\x33\xdf\x9b\xda\x3b\xc2\x3b\xf6\
\x7c\xdb\x04\x33\xa0\xb1\x7d\x1b\x68\x84\xfe\x37\x68\xd1\x1a\x1a\
\x08\xff\x8d\x8e\xff\x5b\xf3\x1f\x51\xfc\x7f\xb5\x5c\x39\x78\x19\
\xfd\xff\x0f\xba\x6f\x04\xba\x4f\x90\xf7\x7a\xcc\xf9\x6f\x09\xe9\
\xbf\xac\x7b\xad\x54\x80\x56\x63\xb0\xcf\x0f\x16\xee\x07\xe0\x7c\
\xb8\x0f\x6e\xfb\xe1\xfd\x01\xc8\xfb\x3f\xeb\xfd\xf7\x86\x76\xc2\
\x7b\x27\x57\x0f\xc4\x9d\xf5\xfe\x94\x01\xef\x0e\x57\xc6\x7e\x25\
\x03\xf8\x7d\xf2\x9f\x67\x40\x37\xeb\xe3\x3f\x39\xaf\xfa\x6f\xc8\
\x01\xe6\x3f\xf5\xfe\xcc\xff\x38\x9c\xfb\xc7\xc1\x32\xf2\x3f\x2a\
\x1e\x16\xad\x8b\x37\xeb\x3f\xef\xff\x77\xc0\x14\xf4\xbf\xdb\xfe\
\x3f\xc1\xfd\x80\x21\x03\x68\x2e\xe0\x81\x19\xe0\x85\x19\x40\xfe\
\x57\x71\x70\x81\x86\xf6\x4e\xf0\x56\x6b\x27\x68\x86\x50\x06\xbc\
\x8d\xbc\xd5\x9a\xae\xe3\xeb\x00\x8d\xd1\x7f\xed\xf9\x7f\x4d\x34\
\x19\x40\x94\x84\xff\x5a\xa4\xff\xb2\x4a\xaa\x92\x01\xde\xd5\xfb\
\xdf\x5b\xf8\x4f\x3d\xc1\x18\xf4\xbf\x8e\xe2\x3f\x1b\xfb\x15\xff\
\x3d\x85\xff\x1e\xbc\xff\x67\x50\x0e\x18\x67\xc0\x30\x44\x75\x5d\
\x71\x9f\xe5\x80\x21\x0f\xd4\xf1\x5e\x41\x64\x40\x6d\x46\x63\xe6\
\x3e\x9f\xfb\xc7\x71\xff\xd7\x6f\x82\xa5\xe4\x7f\xf4\x26\x58\xb4\
\x7e\x23\x2c\x5c\xb7\x51\xf8\xbf\x51\x9d\x03\xcc\xc1\x0c\xf8\x1a\
\xe7\xff\xd3\xd6\x7e\x07\xbd\xf6\xfd\x01\x9d\x0f\x1c\xc5\x0c\x38\
\x0e\xed\x0f\x9c\x04\xf7\x7d\xa7\xa0\x13\xe2\x85\xf4\xda\x73\x02\
\xfd\x77\x45\xff\xdb\x41\xe3\xd6\xed\xa0\x29\xfa\xcf\x30\xe3\xbf\
\x96\x46\x9a\x1c\x50\xce\xf3\x2d\x6f\xcb\xff\xb2\x2f\x73\x74\x39\
\x20\xfd\x97\x55\x5a\x45\xf3\x7f\xea\xff\x69\xac\xef\xa3\xf1\x3f\
\xf8\xb7\x8b\x30\xf4\x97\x8b\x6c\xfd\xaf\x8e\x8b\x1f\x34\x77\xee\
\xa6\x1b\xff\xcd\xf9\x2f\xd6\x01\x84\xff\xe4\xfe\xe0\x91\xef\x81\
\x67\x37\x73\xfe\x2b\xeb\x01\xfe\x6a\x9f\xcf\xd0\x8c\xfd\x5a\xff\
\xc3\xd0\xfd\x50\x64\x15\xba\xbf\x7c\x3d\x8d\xfd\xc2\xff\x28\x8d\
\xff\x88\x76\x1d\x70\x0e\xf6\x00\x33\xd7\xee\x80\xe0\x7d\xbf\x83\
\xdf\x81\xdf\xc1\x0b\xe7\x01\x9e\x38\xfe\x7b\xed\x3d\x05\x3e\x82\
\xde\xe4\xbf\xbd\x1b\xd4\x6f\x8d\x3d\x00\x83\xe7\x40\x63\xec\x07\
\x9a\xb4\x6e\x0b\x8d\x5b\x39\x42\xa3\xe6\x74\xfe\x7f\x6b\xa8\xaf\
\x81\xee\x37\x7c\xa7\x35\x34\x46\x5e\xd1\x5c\x0b\xb0\x9c\x86\xf2\
\x15\xdf\x90\xfe\xcb\x7a\xa0\x0b\x00\x9e\x1e\xf7\xf3\x39\xf4\xff\
\x22\x04\xfd\x7e\x11\x7a\x21\xbd\x11\xf2\x7f\xd8\xaf\x17\x60\xec\
\xaf\xd9\x50\xa7\x5d\x77\x83\xff\x4e\x3e\xdc\x7f\x17\xad\xff\xa3\
\x05\xa3\x34\xc7\x00\xde\x83\x21\x23\xb9\xff\x6c\x9e\xdf\xd5\xc7\
\xb8\x0f\xd0\xf8\x4f\x8e\x1b\xc3\xdd\xaf\xc9\x68\xcc\xd6\xfc\x56\
\xe3\x38\xbf\x12\xfd\x27\xf7\x69\xdd\x8f\x7a\xff\xc5\xd4\xff\xe3\
\xfd\xf9\xe4\x7f\x64\x9c\x9a\x01\xd4\x07\xcc\xc3\x0c\x98\x17\xb6\
\x15\x3e\xc7\x1e\x60\xe8\x9e\xdf\x20\xf0\xc0\xaf\xe0\xb7\xef\x18\
\x74\xdd\x7b\x12\xfc\x90\x1e\x7b\x4e\x42\x4f\xa4\xff\xee\x63\x50\
\x55\xf8\xaf\x40\xbd\x40\x23\x8d\xff\x0d\x9a\xb7\x01\xbb\x77\x1c\
\xa0\xbe\x86\x86\xef\xf0\x4c\x20\xff\x95\x6b\x01\xbf\x5a\xb1\x32\
\xa3\x9c\xa0\x6c\x85\x4a\xc2\xff\x0a\xe6\xfb\x7f\xe9\xbf\xac\x07\
\xa0\x26\xa2\xff\x43\xd0\xff\xfe\xe8\x7c\xd0\x6f\xdc\xfd\x41\xbf\
\x9d\x87\xe1\xbf\xe6\xc0\xf8\x5f\xb2\xa0\xba\x4b\x0f\x68\xec\xec\
\xcf\x32\xa0\xb5\x38\xf6\xd7\xca\xd5\x0b\x5a\xb9\x79\x42\x6b\x37\
\x0f\x18\x62\xc5\xff\x41\x88\x2b\x8e\xff\xae\xdd\xba\x81\x4b\x57\
\x7f\x41\x77\x70\xf1\xed\x0e\xae\xbe\x3d\xc1\xcd\xb7\x07\xd4\xb2\
\xe8\x7f\x63\xc6\x6a\xea\xfb\xd1\xf3\x95\x6c\xec\x8f\xb7\xed\x7f\
\x84\xf0\x1f\xe7\x00\x5f\xad\xdd\x06\x1f\xec\xf9\x09\x86\xee\xff\
\x09\xfa\xef\xfb\x0d\xfa\xed\x39\x0a\x03\xd0\xf9\x81\xc8\x20\x64\
\xc4\x0f\x7f\x32\xff\xeb\xd9\x6b\xfc\x17\x7d\x40\x93\x56\xce\xd0\
\xb8\xa5\x13\x8e\xf7\x6d\xa1\xde\x3b\x8e\x48\x1b\xce\xdb\x6d\xa0\
\xfe\xdb\x94\x03\xf6\xd0\x00\x79\xa9\x62\x15\xc6\xcb\xe8\xfc\xcb\
\x22\x03\x5e\x55\xfd\x7f\x4d\xfa\x2f\xab\x54\xab\x6c\xd9\xb2\xa0\
\xe7\x55\xe4\x3f\xc8\xff\x95\xad\x08\x9d\x17\x6f\x84\x8e\x8b\x12\
\xc0\x5d\xd0\x09\xf1\x5c\xb8\x19\x3c\xe7\x6d\x00\xcf\xb9\xd1\xd0\
\x2d\x64\x2d\x74\x9b\xbb\x0a\xfc\x66\x2f\x03\xbf\x39\x8b\xa1\xfb\
\x9c\x85\xd0\x3d\x64\x3e\xf4\x08\x09\x81\xa0\xb9\x21\xd0\xd9\xbf\
\x0f\x74\xf5\x0b\x44\x7a\x81\x9f\x7f\x4f\xe8\xde\xbd\x3b\xf8\xf5\
\xf0\x07\xdf\x9e\xfe\xd0\xa1\x67\x0f\x98\xbc\xeb\x37\x18\xbd\xeb\
\x4f\x18\xbe\xfb\x4f\x18\x86\xbc\xf7\xc3\x51\x18\xb9\xeb\x28\x8c\
\x42\xc6\xee\xfa\x03\x9a\xb6\xed\xc0\xbe\xe7\x8b\xe3\xa2\x7e\x0f\
\x18\x7d\x2f\x58\xcb\xb6\xae\xb0\x68\x45\x04\x12\x09\x0b\x96\x47\
\xc2\xbc\x15\xeb\x60\x2e\x32\x5b\x43\xdc\xbe\x5f\x18\xb1\xc4\xfe\
\x9f\xf9\x76\x1f\x6e\xf7\xfe\x0a\x31\xc8\x0b\x76\xef\xc0\x73\xf5\
\x9a\x23\xcd\xe0\x39\xbb\xb7\xe1\xb9\xfa\x6f\x31\x9e\x15\xdb\xaf\
\x57\xaf\x83\x59\xab\xd6\xc1\x9c\x95\xeb\x61\x8e\xe6\x7b\xbd\xe7\
\xaf\xe4\xcc\x9c\xbb\x8c\xf1\xd9\x9c\xa5\xf0\xd9\x5c\x53\x46\x8c\
\x9d\x06\xa3\x88\x71\x53\x61\xf4\x58\xce\x07\xe3\xa6\xc0\x47\xc8\
\xb8\x09\x9f\xc0\x84\xc9\xd3\x60\xca\x27\xd3\x61\xda\x27\x33\x60\
\xda\xb4\x69\x30\x75\xfa\x34\x98\xac\xa1\x7a\xcd\x9a\x8c\x9a\x82\
\xda\x3a\x4a\xfb\xfd\x23\xeb\xe1\x2e\x73\xfe\x13\xaf\x08\xff\xbd\
\xd1\x7f\x72\xde\x6b\x21\xc7\x9b\xb1\x09\xbc\xe7\xc5\x82\x57\x48\
\x14\x74\x09\x09\xc7\xed\x6a\xf0\x9a\xfd\x2d\x78\xcd\xf9\x06\xbc\
\xe7\x2e\x02\xef\x90\x05\xe0\x3b\x6f\x3e\xf4\xc4\x0c\xf0\x54\xfd\
\x0f\x54\xfd\xef\x86\xfe\xfb\xa0\xff\xae\x01\x3d\xe1\x23\x74\x7f\
\xe8\x0f\xc7\x21\x78\xf7\x71\x08\xda\x83\xdb\x1f\x4e\xc2\x40\xc1\
\xc8\x5d\xc7\xa0\x49\xdb\x8e\xc6\xfe\xb7\x75\x66\xdf\x07\x4e\xdf\
\x0b\xde\x02\x1f\x33\xf8\xbf\xae\xe0\xfe\xe3\x76\x83\xa0\x62\xbd\
\xa6\xf0\x5a\xdd\x77\xe0\x35\xda\xda\x35\x61\x54\x44\x2a\x08\xc8\
\xfd\x59\xab\x35\xfe\xe3\x96\x98\x87\xcc\x47\x66\xce\x59\xce\x11\
\x39\xa0\xe7\xbd\xb1\x33\x30\x03\xa6\x23\x53\x59\x06\x8c\x62\x19\
\x60\xc1\xff\x4f\xa4\xff\xb2\xee\x6f\x99\xf3\xfe\x15\x75\xfc\xaf\
\x00\xdd\x16\xc7\x42\xe7\x45\x9b\xc0\x4b\xe0\xbd\x28\x5e\xf8\x1f\
\x83\xde\xaf\x67\xfe\x77\x0e\x09\x05\xcf\xd9\xcb\xd1\xff\xa5\xe0\
\x8d\x3d\x80\x77\xc8\x42\xf0\xc5\x1e\xa0\xe7\xdc\xf9\xe0\xe9\x17\
\x84\xee\xf3\x0c\xf0\xd7\xf8\xdf\xa5\x80\xfe\x37\x42\xff\xe9\xfb\
\x31\x15\x5a\xa0\xf7\xcd\xd1\xff\x66\x4e\xae\xf0\x0e\xde\x5f\xa0\
\xb8\x8f\xcc\x5d\x1e\x05\xb3\x91\xaf\x57\x18\x50\xfc\x67\xa0\xef\
\xc4\xc6\xfd\x47\x60\x13\xf6\x00\xf1\xc8\x1b\xf5\x9a\x40\xa5\xba\
\x6f\x21\x4d\xa0\x8a\x80\x6e\xbf\x89\x8f\xbf\x8e\xcc\xa5\xb1\x9f\
\x32\x00\x5d\x27\xe6\x28\xac\x88\xc6\xac\x89\x86\xe9\xe8\x3e\x31\
\xc3\x84\x65\x30\x43\xf8\xcf\x33\x60\x9a\x0a\x65\xc0\x98\xb1\x9f\
\xc0\xc7\xe8\xff\xf8\x49\x33\x60\xf2\xd4\x19\x30\xf5\x93\x4f\x59\
\x06\x4c\x9d\x86\xf7\x35\xe8\xfd\xd7\xe7\x40\x69\xbf\x7f\x64\x3d\
\xdc\x65\xc9\x7f\xe2\x19\xf4\xbf\xc7\xa2\x58\xd6\x03\x70\xe2\x38\
\x8b\x36\x40\x97\x05\x51\xe0\x35\x2f\x92\xfb\x3f\x77\x0d\xf7\x1f\
\xe7\x00\xde\xb3\x31\x03\xe6\x2e\x06\xdf\xb9\x0b\xa1\xe7\x9c\x05\
\x16\xfd\xef\x1c\xe0\x0f\xce\xe8\xff\x87\x85\xf4\xbf\xb9\xe0\x9d\
\xb6\xed\xe1\x1d\xc7\x0e\x06\xff\x57\x08\xff\x57\xd8\xf6\x7f\x13\
\xfa\xbf\x19\x49\xd8\x77\x84\x79\x5e\x19\xa9\x8a\xce\x57\x13\xd0\
\x6d\x7a\x8c\x7e\xa6\xf4\xfb\xe4\xfc\xac\x55\xe4\x7e\x34\x67\x45\
\x2c\x63\xda\x9c\x15\xe6\x99\xbb\x1c\xb7\xcb\x61\xd8\xd8\x4f\x61\
\xd8\xc7\x9f\xaa\x39\xf0\x1e\x65\x00\xcd\x05\xc6\x7d\x02\x1f\xa1\
\xff\xe3\x26\xcf\x80\x49\x3a\xff\xb5\x48\xff\x65\x95\x64\x59\x1a\
\xfb\x95\xf1\x3f\x60\x71\x0c\xf8\xa2\xf3\x9c\x58\xf0\x5d\x12\x03\
\x3e\x4b\xa2\x71\x2e\x10\x01\x5e\xf3\xd7\x42\xe7\xf9\x6b\x70\xfc\
\x5f\x2d\xfc\xff\x16\xfd\x5f\x06\xbe\x38\x0f\xf0\xc5\x0c\xe8\x39\
\x67\xa1\x91\xff\x4a\xff\xdf\x15\xfd\xf7\x44\xff\x9d\x7a\x15\xc2\
\x7f\xc7\xf6\xe8\x7d\x7b\xe1\xbe\x1b\x73\xff\x1d\xc7\x8e\xcc\x7b\
\x06\xba\x5f\x50\xff\xe3\x68\xfc\x17\xbc\x21\x3c\x27\xdf\x2b\xd7\
\x15\x88\xc7\x88\xf9\x1a\xff\x59\x06\xa0\xfb\x0c\x74\x9f\x98\x8a\
\xae\x9b\x43\xc9\x81\x21\xe8\x3f\xc1\x72\x80\xf9\xcf\xe7\x02\x23\
\xd1\xff\x0f\x26\x1a\xfc\x9f\x8c\xfe\x93\xef\x7c\x1e\x60\x40\xf1\
\xdf\x52\x0e\x94\xf6\xfb\x47\xd6\xc3\x5d\xb6\xfc\x0f\x44\xff\xbb\
\xa1\xfb\x7e\x8b\xe2\x70\x8b\x59\xb0\x74\x3d\xf8\x7c\xb3\x0e\xbc\
\x16\xe3\xbc\x7f\x41\x18\x74\x5e\xb8\x0a\x3a\xcf\x5b\x01\x9e\xd8\
\xef\x7a\xcd\x59\x66\xe2\x7f\x27\x9d\xff\xfe\xe8\xbf\x6f\x91\xfc\
\xa7\x71\x1f\x69\xd3\x11\x71\x2f\xb2\xff\xaf\xdb\xf1\x3e\xff\x4d\
\x3d\x38\x27\x20\xd8\xf8\xbf\x92\xcf\xfb\xef\xc9\xff\x8f\xff\xcb\
\x18\x46\x60\x06\xbc\xf7\x31\xcd\x05\x3e\xc1\x1e\xe0\x13\x18\x33\
\x71\x1a\xf3\x7f\xe2\x27\x96\xfd\x57\x3c\x97\xfe\xcb\x2a\x89\xb2\
\xe5\x7f\x9f\xc5\x51\xe0\x8f\xe3\x3e\xd1\x0d\xc7\x7d\xdf\x65\x91\
\xe0\xb3\x0c\xdd\x5f\x1c\x86\x3d\x40\x28\xfa\xbf\x12\x3a\x2f\xf8\
\x16\x3a\xcd\x55\xfc\x5f\x8a\xfe\x53\xff\xbf\x08\x7a\x60\xff\xef\
\x81\xfe\xfb\x68\xfc\xf7\xeb\xde\x13\x7c\x7a\x74\x07\xcf\x9e\xdd\
\xc1\x29\x20\xc0\xa6\xff\x0d\xd0\x7f\xde\xf3\xb7\xe7\x3d\x3f\xf2\
\x56\xdb\x0e\xf0\x96\xa3\x3b\x63\xae\x58\xf3\x53\xe6\xfe\x85\xf5\
\xbf\xa2\x58\xef\x7b\xbd\xde\x5b\x66\x51\xd6\xfb\x42\x56\x44\xab\
\xfe\x7f\x85\xdb\xaf\xd8\x36\x1a\x26\xcf\x5d\x61\x8a\x26\x07\x06\
\x8d\xfd\x2f\x0c\x12\x19\xc0\x72\x40\x5d\x0f\x98\x01\xa3\x27\x4c\
\x87\x8f\xd0\xff\x71\xe8\xf9\x44\x31\xdf\xd7\x67\x80\x7e\xfc\x67\
\xd4\xaa\xae\xde\x2e\xed\xf7\x8f\xac\x87\xbb\xac\xf9\xff\x4c\xd9\
\xf2\x30\x70\xd1\x3a\xe8\xb3\x28\x9a\x11\xb8\x64\x1d\xf4\x5a\xba\
\x16\x02\x96\x86\x41\xf7\xc5\xa1\xe0\xbf\x70\x35\x74\x5d\xb8\x1c\
\xba\xce\x5f\x06\x3e\x38\xe6\x77\x45\xfc\x66\x2f\x81\xee\x73\x16\
\xb1\xe3\x80\x81\x73\xe6\x83\xbb\xbf\xb1\xff\xdd\x84\xff\x9d\xd1\
\xff\x76\x3d\x03\x60\xe2\xae\xdf\xe0\xfd\x5d\x74\xdc\x0f\x73\x60\
\xf7\x9f\xf0\x2e\x3a\x3f\x42\xf0\x31\x3e\xde\x10\x5d\x2f\xb0\xff\
\x2b\x8a\xd1\xff\xba\x6f\x33\xcc\xfa\xbf\xca\x86\xff\x73\x75\xfe\
\x8f\xd5\xfa\xff\x29\xbc\xab\xfa\x3f\x03\x3e\x44\xff\xc7\xa2\xe7\
\x13\xa6\x1b\xfc\xd7\x66\x80\xf4\x5f\x56\x51\xaa\x7a\x75\x7c\xaf\
\x58\xa1\x6a\xd5\xaa\x46\x54\xae\x66\xa0\x12\xf2\xc4\xd3\xcf\x20\
\xcf\xc2\x13\x4f\x3d\x87\x3c\x0f\x4f\x3c\xf1\x1f\xe4\x65\x78\xa2\
\xcc\x2b\xf8\xde\x7b\x05\x9e\x2c\x5f\x0b\xca\x54\x30\x86\x1e\x7b\
\xaa\x7c\x4d\xf8\x57\xf9\xea\xec\x1a\x00\x8e\xe2\x5c\xc0\x76\x6e\
\xee\xd0\xae\x7d\x07\x70\x42\xda\x20\xad\x3a\x74\x80\x7f\x95\x7b\
\x1d\x9e\x2e\xff\x06\x3c\x5d\xee\x4d\x78\x8a\x51\x09\x9e\x2a\x6b\
\xc0\xaf\xdf\x10\xf0\xd7\xd0\x8d\xe8\x3b\x14\x7c\xfb\xbe\xcb\x98\
\xab\x1e\xf3\xd3\xb9\x8f\x3d\x3b\x61\xea\xbe\x31\xfb\x4f\xa4\x1a\
\x73\x3c\x9d\x71\x50\xd0\xce\xbb\x0f\xc3\x55\x6c\x9d\x7c\x02\xc1\
\xd1\x17\xf1\xe9\xc3\x58\x10\x1e\xcf\x59\x9b\x60\x96\xd3\x17\xee\
\x30\x92\x89\x8b\xb7\x18\x29\x17\x6f\x42\x7a\xee\x3f\xc8\x75\x78\
\xbd\x56\x03\x78\xb3\x4e\x3d\xa8\x4c\xdf\x33\x2e\xbe\x5f\xbc\xa6\
\x86\x05\x8b\x96\x18\x58\xbc\x08\x16\x2c\x59\x68\x44\xd5\x6a\x55\
\x38\xba\xff\x1f\x15\x4a\xfb\xfd\x27\xab\x74\xab\x28\xfe\x13\x4f\
\x3d\xfd\x6f\xce\x53\xcf\x70\xca\xbc\x88\xbc\x84\x60\x0e\x94\x79\
\x19\xdd\xad\x01\x4f\x54\x30\x86\x1e\xfb\x3f\xe4\xb9\xf2\xd5\xd0\
\x7f\x4f\x70\x74\x33\xf5\xdf\x11\x71\x40\xff\x9f\x2b\x57\x11\x9e\
\x29\x8f\x60\x0e\xfc\x9b\x28\xfb\x86\x11\xfe\xf7\xd3\xff\xe3\x1a\
\xff\x8f\x65\x32\xee\x8b\xff\xb5\x85\xff\x75\xb8\xff\xd5\xa5\xff\
\xb2\x8a\xa9\x8a\xdd\xff\x27\x9f\xe3\x3c\xf1\x02\xf6\x01\x2f\xc2\
\xbf\x2a\x54\x83\xa7\x90\x27\x2a\x54\x87\x27\x2a\x56\xe7\xfe\xe3\
\xed\xff\x43\x9e\x2d\x5f\x15\xec\xd1\x7f\x07\xf4\xbf\xad\xf8\x3c\
\xb0\x13\x66\x80\x23\xe2\xd0\xde\x1d\xec\x11\x13\xff\x75\x39\xd0\
\x2d\x78\x10\x47\x71\x5f\xe7\xbf\x72\x9e\xcf\xd7\xba\xbe\xff\xeb\
\x15\x05\xf3\x7f\x2f\x7a\xbf\xf7\x38\x91\x2e\xc8\x84\xbd\xe8\xfd\
\x7e\x41\xbb\x2e\x41\x0c\xe6\x3f\xba\xef\xe4\x13\x20\x08\x64\x2c\
\x88\xd8\x88\xfe\x6f\xb2\xe8\xff\xc9\x8b\x77\xe0\x14\x65\x00\x7a\
\x7f\x5a\xeb\x3f\xcb\x00\xf2\xbf\x21\xbc\x51\xbb\x3e\xf3\xbf\x32\
\xfb\x9e\x41\x43\x06\x54\xb7\xe8\xff\x7c\xe9\xbf\xac\x02\x55\xb1\
\xfb\x2f\x78\x12\x33\xe0\x89\x27\x9f\x87\xff\xab\x58\x05\xfe\x85\
\x3c\x55\x11\x7f\xb7\x02\x51\x1d\x33\xa1\x2a\xfa\x5f\x15\x9e\xad\
\x50\x05\x5a\xbb\x79\xf2\x1e\x40\xf9\x4c\x20\xf9\xdf\x9e\xe3\x20\
\xfc\x67\x94\x7d\xdd\x38\x03\xb4\xfe\xf7\x2b\x84\xff\xcb\xa3\x39\
\xfa\xf9\xbf\x25\xff\xb5\xde\x6b\xd8\x7f\x94\xc3\xc7\xff\xde\xe8\
\x7f\x20\x12\x00\xed\x7c\x39\xce\xe8\x3e\xb1\x38\x7c\x23\x2c\x42\
\x16\xac\xdd\x6c\xe4\x3d\x5d\x6b\x80\x38\x7d\xe1\x36\x43\x19\xfb\
\x4d\xc7\x7f\x83\xff\x55\x85\xff\xda\x0c\x30\xf1\x5f\xd7\x03\x58\
\xf2\x5e\xfa\x2f\x8b\xaa\x30\xfe\x2b\xce\xbf\xa9\x41\xf5\x5f\x93\
\x03\xb4\x26\x50\x06\xb7\x65\x70\x4b\x8e\xb3\x0c\x40\xdf\xff\x55\
\x91\xf3\x7f\xcc\x7f\x1a\xff\xab\x41\x6b\x76\x1d\x40\x25\x03\x3c\
\xd8\x5c\x40\xf1\x9f\x78\x41\xf1\x9f\xfa\x80\x72\xa6\xf3\x00\x83\
\xf3\xc3\x8c\x30\xf1\x7f\xb9\xc6\x7d\xf5\x36\xfa\xbf\xf7\x37\xb3\
\x19\x10\x2b\xce\x09\xde\x7d\x22\x1d\x76\x1f\x27\x32\x39\xc7\xce\
\xc0\x1e\xf2\xff\x18\xcd\x03\xd2\x70\xcc\xef\x85\x04\x80\x1b\xe2\
\xea\xd3\x13\x09\x60\xb8\x09\x96\xad\xdd\x08\x4b\x91\x25\x2c\x07\
\x36\xb1\xb9\xc0\x3c\x65\x4e\x80\x9c\x46\xd7\x89\xe4\x5c\x4e\x2a\
\xde\x4e\xbb\xf8\x0f\x64\xa0\xfb\x67\x72\xaf\xc2\x9b\xe8\x7f\xa5\
\x5a\xf5\xa1\x8a\xae\xff\x37\xeb\xbf\x36\x03\x04\xd2\x7f\x59\xd6\
\xaa\xc4\xfc\x17\x3c\x5f\xa1\x32\xcb\x80\x67\x28\x07\x2a\x54\x55\
\x79\xb6\x7c\x75\x06\xf9\xcf\x33\xc0\x8b\xf5\x00\xcc\x7f\x37\x63\
\xff\x15\x9e\xd3\xf8\xff\x0c\xba\xff\x8c\xc6\x7f\x7f\xab\xfe\xaf\
\x37\xb8\xff\x6d\xac\xd1\xd6\xc8\xff\x7d\xc2\xff\x7d\x1a\xff\x35\
\xde\x73\x32\x59\x1e\xec\xa3\x75\x00\x9c\x1b\xb4\xf3\xed\x09\x2e\
\xbe\x3d\xa0\x3d\x6e\xdb\xa3\xff\x1d\x7c\xf8\x56\xb9\xbf\x7c\x6d\
\x1c\x82\x19\x10\x1e\x87\x19\x10\xc7\xe6\x03\xf3\xd8\x9c\x80\xfb\
\x9f\x8c\xe3\x3c\x91\x7a\xf1\x06\x73\x9f\xb6\x19\x17\xaf\x43\x26\
\xba\x9f\x95\xfb\x17\x54\x46\xf7\xab\xd6\xa2\xb5\xbf\x7a\x26\xee\
\x9b\xf5\x5f\x87\xf4\x5f\x96\xb5\x32\xf1\x5d\x8f\xce\x7f\x72\xfe\
\x75\x6b\xfe\x23\x65\xfe\xf5\x6f\xee\xff\xbf\x9e\x81\x17\x2b\xbe\
\x01\x2f\x54\x7c\x13\x73\xa0\x0a\x3c\x8b\x7d\xc0\xb3\xac\xef\xaf\
\x0a\xcf\xa3\xfb\xcf\xeb\xfc\x57\xfa\x00\x5a\x0f\x60\x68\xfa\x7f\
\xe3\x3e\xe0\x75\x15\x3f\xec\xff\xfd\xb0\xff\x37\x5a\x03\x34\xe9\
\xff\x6d\xf8\xaf\xa0\x39\x16\x18\x8b\xf7\x09\xd5\x7f\x2d\x27\xf8\
\x9c\x80\xd6\x03\x5d\xd0\x73\xd7\xae\xdd\xd1\xf7\xee\xd0\xd1\xd7\
\x1f\x3c\x7c\x70\x8b\xde\xbb\x23\xb4\x5d\xb5\x76\x03\xac\xa0\x0c\
\x40\xf7\x97\x21\xf3\xd1\xfd\x10\x64\x21\xba\x4f\xfd\x40\x32\x8e\
\xf3\x69\x48\xba\x06\x72\x9f\xf9\x9f\x27\xfc\xaf\x2d\xfd\x97\x55\
\x32\x65\xcd\xff\x2a\x48\xc5\xaa\x35\xa0\x82\xa0\x5c\xb5\x1a\xf0\
\x2a\xf2\x8a\xd8\x96\x45\x9e\xd4\xb9\xff\xa4\xde\xff\xd7\xde\x60\
\x19\xc0\xfa\x80\xe2\xf6\xbf\xec\xeb\xd0\x1d\xdd\xef\x41\xf4\xd5\
\xfa\x3f\x04\xdd\xe7\x3d\xc0\xd7\xcb\x23\x61\xd6\x72\x4d\xff\x2f\
\xbc\x9f\xb5\x7c\x03\x3b\x3f\x2f\x6e\x4f\x61\xfd\xcf\x40\xff\xd3\
\xd8\xba\xe0\xfe\x13\x29\xc6\xfe\x77\x45\xff\x71\xeb\x8e\x78\xb0\
\x0c\xe8\x01\xab\xc3\x63\x60\x95\x60\x79\x78\x2c\x2c\x8c\xa0\x0c\
\x88\x63\xeb\x02\x84\xde\xfd\x74\xd6\xf7\x5f\xc3\xb1\xff\x6f\x38\
\x4b\xfe\x0b\xf7\xcd\xf5\xfe\xd2\x7f\x59\x25\x5d\x13\x13\x0e\xc0\
\x07\x5b\x0e\x19\x48\x38\xcc\x18\x93\x70\x08\xc6\xc7\xef\x87\xb5\
\x1b\xe2\x21\x3a\x66\x03\xc4\x22\xb4\x5d\x1f\xcb\x89\x44\x22\x90\
\x3e\x83\x86\x42\xe0\xe0\xa1\x10\x30\xe8\x5d\x08\x18\x48\x0c\x17\
\x8c\x60\xf4\x1e\x38\xd2\x98\x41\xf8\xd8\xe0\xf7\x54\x5a\xbb\xba\
\x43\x6b\xb7\x8e\x06\xe8\xbe\x86\xd9\x0b\x97\x31\xbe\x26\x16\x2d\
\x83\x2f\x17\x2e\x87\xaf\x16\xaf\x80\xaf\x96\xac\x86\x59\x4b\xd7\
\xa0\xe7\xe1\x30\x7b\x79\x84\xf8\x4c\x8e\xe1\x73\x39\xe4\xff\xec\
\x95\x71\x30\x67\x75\x1c\xcc\x5d\x13\x07\xb3\xf5\x84\xc5\x32\x94\
\x79\x80\x16\xca\x87\x4d\x7b\x91\x7d\x3f\xc1\x32\xba\x9e\x78\xf4\
\x06\x58\x89\xac\x8e\xe6\xd7\x19\xa5\xeb\x8d\xad\x65\x6c\x80\x67\
\x5e\x7a\x99\xf3\xe2\xab\xf0\x7f\x2f\x94\x85\x67\x9e\x2f\x07\xff\
\x87\x94\x79\xa1\x02\xc3\xb5\xb3\x1f\xb8\x78\xf9\x81\x73\x17\x0e\
\xdd\x26\xdc\x90\xf6\x5e\xdd\xe0\x8f\x93\x49\xf0\x27\x72\xec\x54\
\xa2\x11\x27\x4e\x0a\x4e\x9d\x62\x9c\xb2\x40\x69\xbf\x7f\x64\x3d\
\xdc\x45\xce\xbf\xbb\xf5\x88\x81\x2d\x3f\x31\x86\x25\x1c\x81\xd1\
\xf1\x87\x20\x6c\xc3\x66\x8b\xfe\x47\xea\xfd\x1f\x54\x7c\xfe\x3b\
\x08\xe6\xa2\xf7\x73\x95\x0c\x30\xe3\xff\xd7\xcb\xc2\x60\xd6\xb7\
\xe1\xe8\x7f\x94\xd1\xe7\xf2\x98\xfb\xab\x36\x59\xf6\x7f\x8d\x25\
\xff\xc5\x67\x04\xf7\x11\x47\x60\x59\xb4\xc6\x7f\x71\x9d\xe1\xb5\
\x2a\xb1\xf0\xdc\x4b\x2f\x21\xff\x81\xe7\x5e\x7c\x05\x33\xe0\x15\
\x78\x1e\x33\xe0\x59\xe4\xa9\x17\xcb\xc1\x93\x48\x7b\xc5\x7f\x81\
\xe2\x7e\x07\x74\x9f\xf8\x53\xfa\x2f\xab\x14\xab\xa0\xfe\x47\x6b\
\xfc\x57\xc6\xfe\x70\xe1\x3f\xcb\x00\x74\x5f\x65\x20\x31\x9c\xc1\
\x7c\x37\x87\xf0\xbf\x25\x3a\xdf\x52\xe3\xbf\x83\xab\x31\x73\x17\
\x2d\x65\xcc\x26\x16\x2e\x65\x19\xf0\xd5\x62\x64\xc9\x4a\x98\xb5\
\x2c\x94\xfb\xbf\x3c\x5c\x7c\x3e\xcf\x82\xff\xa1\x1b\x61\xb6\x1e\
\x91\x03\xaa\xf7\x74\x4c\x80\xf1\x93\xe6\x33\xc2\x3f\xa2\xff\x1b\
\x84\xff\x31\x10\xca\xbe\x6b\x20\x5a\xfd\xce\x11\xe2\xb9\xff\xbc\
\xc4\x32\xe0\xf9\x17\x5f\x46\x5e\x81\x17\x90\x67\x91\x7f\xbf\x58\
\x16\x9e\x46\xc8\x71\xb7\x2e\xdd\xc0\x45\x40\xb7\xdd\x84\xfb\xd2\
\x7f\x59\xa5\x5d\xf7\xe2\xbf\x7e\xfc\x37\xf1\x7f\x50\xc1\xfd\xb7\
\xe4\xbd\xa3\x40\xf1\x9f\xf5\x00\xb8\x9d\xb5\x90\xfb\x3f\x0b\xfd\
\x9f\x8d\xfe\xcf\x41\xff\xe7\xe0\xf8\xaf\x9e\xa3\xbf\x22\x46\xf8\
\xbf\x81\xb9\x6f\xc9\x7f\xea\x09\x88\x0d\xe8\xfe\x06\xb3\x9f\x0d\
\xf8\x91\xf9\x6f\xe8\xfd\x63\x20\x8c\xf9\x1f\x05\x11\x1a\x5e\x40\
\xf7\x5f\x44\x5e\x42\xff\x5f\x44\x5e\xc0\xb9\xc0\x73\x2f\xbe\xcc\
\x7a\x81\x7f\xbf\xf4\x8a\xea\xb9\x5b\x17\x03\x74\xdf\xbd\x8b\x2f\
\x43\xef\xbf\xea\xbd\xc0\x92\xf7\xd2\x7f\x59\xc5\x51\xb6\xfc\x0f\
\x45\xff\xc9\x77\xc5\xfd\x28\xdc\xae\xd3\x64\x40\x5f\xe1\xbf\x32\
\x0f\xd0\xe7\x80\xb6\xd7\xd7\x12\x34\xf8\x5d\x06\xef\xf9\xd1\x79\
\xb7\xf6\x0c\xc5\x7b\x47\x17\x77\x86\xd2\xff\xab\xf3\x00\xea\x03\
\x16\x7f\x0b\x73\x97\xac\x80\x90\xa5\xa1\x30\x6f\xd9\x1a\x08\x41\
\xff\x17\xac\x50\x3e\xa7\xb3\x9e\xcd\x05\x66\xaf\xc2\x1c\x58\x1d\
\xab\xfa\xaf\x67\x5e\x68\x1c\x83\xcd\xf3\xd9\x5c\xff\x67\xf5\x33\
\x41\xe4\x7d\xc2\xfe\x43\xb0\x15\x51\x7a\x7e\xad\xfb\xeb\x62\xd6\
\x33\xd6\x47\xaf\x87\x97\xc8\x7d\x2d\x6a\x06\xf0\x3e\x80\x1c\xef\
\x80\xb8\x79\x19\xdc\x37\xe7\xff\x71\xbd\xf7\x0a\xd2\x7f\x59\x25\
\x58\x85\xf5\x5f\xbf\x2d\xaa\xff\xea\x78\x4f\xee\x33\xff\x3b\x08\
\xff\x3b\x0a\xff\x0d\xe3\xbf\xd2\x0b\x84\x2c\xfa\x16\x42\xd0\xff\
\xf9\xdf\x70\xff\xe7\x2f\x0b\x87\x85\x2b\xd6\xb1\xeb\xf1\xf1\x6b\
\x75\xac\x83\xd9\xab\xb1\x17\x58\xcd\x33\x60\xee\x9a\x0d\xdc\x7b\
\x31\xe6\x13\xf3\x42\x63\x61\xde\x9a\x58\xd8\xbc\xf7\x67\xd8\xbc\
\x8f\xe0\xd7\x04\xda\x2c\xc6\xfd\x84\x03\x87\x60\x3b\xfa\x1f\x86\
\xee\x87\xaf\xdf\xc0\xfb\x7d\x9d\xff\x51\xc2\xff\x97\x35\x68\xfd\
\x7f\x4e\xf8\xcf\x32\x40\xd3\xf3\xeb\xfd\x3f\x8a\xe8\xbd\x3f\x7d\
\x82\x23\xfd\x97\x55\x92\x55\x18\xff\xb5\x73\x00\xad\xff\xda\x0c\
\x30\xca\x02\xa4\xf7\x90\x77\x8d\x50\xbc\x57\x50\xbc\x77\x72\x75\
\x03\x27\x37\x37\xbe\x75\x6d\xcf\xe0\xfd\xff\x37\x86\x39\x00\x63\
\x09\x84\x60\xff\x1f\xf2\xcd\x72\x98\xbf\x74\x15\xcc\xfb\x36\x14\
\xe6\x7f\x1b\x06\x0b\x57\x46\x18\xae\xd5\xb3\x4a\xf8\x1f\x1a\xc3\
\x32\x60\x2e\x7a\x3e\x37\x34\x8e\x6f\x05\xf3\x18\x31\x1a\xef\x15\
\xf7\xf9\xb8\xbf\x6d\xbf\xf0\x5f\x7c\xbf\x20\xc1\xfc\x27\xf7\x63\
\xd7\x19\xfc\xff\xcf\x0b\x1c\x4d\x0f\xf0\x02\x5b\x13\x7c\x99\x61\
\xc9\xff\x0e\xe2\xf1\x63\xd4\xfb\x6b\xfd\x17\x5e\x9f\x3e\xc9\x31\
\xef\xfd\x09\xe9\xbf\xac\x62\x29\xd3\xe3\x7f\x3f\x32\xc6\x24\x1c\
\x66\xc7\xff\xc2\x36\xc4\x9b\xf8\x1f\xa5\xc9\x81\xbe\x03\x8b\xc9\
\x7f\x37\x37\x03\xaa\xff\x1d\x60\xee\xe2\x25\x26\x84\x2c\x5e\x0a\
\xf3\xbe\xf9\x96\xf9\x3f\xff\xdb\xd5\xdc\xff\x55\x11\xec\x7a\xdc\
\x21\xb8\x9d\xb3\x2a\x12\xfd\xc7\x79\x40\x28\x65\x40\x14\xfa\x1e\
\x8d\xc4\xf0\x6d\x18\x67\x9e\x40\x19\xef\x55\x70\xdc\xdf\x72\x80\
\x67\x00\xf9\x1f\x11\x6b\x58\xf3\x58\xbf\x21\x16\x89\x86\xe8\xb8\
\x28\x88\xc6\x6d\x2c\x22\xfd\x97\xf5\x20\x57\x62\x62\x22\x98\xe3\
\x24\x72\x02\x59\x1c\x16\x0e\x8b\x88\x35\x11\x8c\x25\xa1\x91\x8c\
\xa5\xc8\x32\xe4\xc4\xc9\x64\x38\x49\x9c\x3a\xcd\x48\x44\x4e\x89\
\xdb\x44\x8b\xd6\x8e\xd0\xcc\x9e\xf3\xb6\x19\xda\x79\x78\x99\xe0\
\xd2\xa9\x0b\x74\xe8\xec\x05\x1e\x3e\xbe\xd0\xd9\xd7\x17\xbc\xfd\
\xba\x41\xd7\x1e\xdd\x19\x7e\x88\x6f\x77\x7f\xf0\xf1\xf3\x83\x2e\
\x5d\xbb\x82\xa7\x8f\x37\x7a\xe2\x0d\xae\x9e\x9d\xc1\x05\x71\xeb\
\xec\x09\x1d\x3a\x79\x82\x9b\x27\xd2\xc9\x0b\x7a\x05\x0f\x81\x5e\
\xfd\x86\x42\x4f\xa4\x7b\xf0\x50\xf0\x43\xba\xf6\x1f\x02\x3e\x82\
\x01\x1f\x4f\x44\x26\x41\x30\x6e\x83\x3f\x9a\x8c\x4c\x61\x0c\x60\
\x4c\x86\x56\xee\x5e\xd0\x0a\x5f\x93\x3d\x6e\xed\x3d\x3c\x39\x9d\
\x3a\x41\x1b\xc4\xd1\xa3\x13\xac\xdb\xb4\x11\xd6\x6f\x8c\x83\x68\
\x24\x76\xe3\x06\x88\xdd\x14\x03\xb1\xf1\xd1\x7c\x8b\xcc\x99\x37\
\x07\x42\x42\x88\x10\xc6\x1c\xc1\xac\x90\x79\x8c\xdc\xbf\xae\x33\
\x2e\x5c\xf9\x47\x25\x97\x10\x8f\x4f\x99\xfe\x5f\xf8\x64\x1a\x32\
\xfd\x53\x98\x3e\x7d\x3a\x67\xc6\x34\xf5\xf6\x5b\x6f\xbd\xc5\x69\
\xfa\x0e\xdf\xbe\xdd\xc4\x88\x32\x4f\x94\xe1\x94\xb1\x88\xac\xc7\
\xb8\xac\xf9\x4f\xac\x0c\x5b\xc3\x59\xb3\x96\xb1\x3a\x34\x9c\xb1\
\x46\x70\xd2\x8c\xff\x89\xf7\xdb\x7f\xef\x2e\xe0\x8a\xde\xbb\x20\
\xcc\x7f\x4f\xbe\x75\xeb\xd4\x19\xfd\x1f\x6c\xec\x3f\x3a\xdf\xb5\
\xff\x20\xf0\x19\xc8\x19\x30\x76\x3c\x32\x01\x82\x71\xcb\x32\x80\
\x65\xc1\x24\x96\x09\x94\x0d\xad\xd0\xf7\x56\x9d\x3c\x0d\xee\x6b\
\xfc\x6f\x8b\xfe\x47\x6d\xde\x04\xd1\x48\x6c\xfc\x26\x88\xdb\xbc\
\x11\xd9\x00\x71\x09\xb1\x7c\x8b\x48\xff\x65\x3d\xc8\x55\x68\xff\
\x05\x8a\xff\x89\x1a\xe7\x13\x2d\xf8\xaf\xcd\x00\x7d\x16\xe8\xdd\
\x77\x65\x63\x77\x67\x70\xf7\xea\xcc\xdc\x56\xfc\xa7\xef\x04\x52\
\xf0\xed\xe1\x07\x5d\xfd\xbb\x42\x97\x6e\x3e\xe0\xe1\x8b\x59\x61\
\xe4\xbf\x07\x73\xdf\xc5\xd3\x93\xf5\x03\x3d\x83\x07\x21\x43\xd0\
\x7d\x04\xdd\x67\xfe\x0f\x40\xf7\x07\xe8\xfc\x1f\x87\xfe\xb3\x1c\
\xe0\x0c\x10\x90\xfb\xaa\xff\xc2\xfb\x36\x1e\xdc\x7d\x22\x3a\x21\
\x1e\x36\x6c\xe6\x6c\x4c\xd8\x84\xc4\x21\x1b\xc4\x36\x8e\xf9\xcf\
\xd0\xb8\x5f\x50\xff\xf3\xaf\x98\xf1\x9f\xdc\xd7\x60\xde\xff\xc6\
\xd2\x7f\x59\x05\x2a\x5b\xfe\xaf\x46\xf7\x19\x1a\xf7\x8b\xd3\x7f\
\x57\x72\x5e\x4b\x21\xfd\xef\x84\xfe\xbb\xfb\x74\x86\xf6\x5e\x1e\
\xe0\xe2\xc5\xdd\x57\xe6\x02\xed\xb0\x8f\xe8\x89\x63\x3d\xd1\x7d\
\x00\xc7\x8f\x31\x00\xba\x0d\x1c\x00\x5d\x91\x81\xcc\x7f\x53\x06\
\x09\x5a\xa3\xef\xf6\x02\xc5\x7b\x27\xc4\x19\x69\x87\xc4\x08\xff\
\x37\x0a\xff\xe3\xb1\x17\x88\x47\xef\xd9\x16\x29\x76\xff\x6d\x8d\
\xff\xba\x1e\xa0\x8c\x65\xef\xa5\xff\xb2\x2c\xfa\xaf\xa0\xfa\x2f\
\x58\x13\xba\xd6\x88\x7b\xf5\x5f\x41\xef\x7e\x7b\x0f\xde\xbf\xab\
\xfe\x77\xf5\x46\xff\x7d\xa1\x6b\x4f\x7f\x06\xf9\xdf\xad\x3b\xf7\
\xdf\x07\xfd\xf7\x54\xfc\x17\xbd\x3f\xf5\x00\xce\x8c\xce\xe0\x84\
\xf4\x44\xd7\xb5\xee\x77\x67\xf7\x39\xfe\xc8\xd0\x8f\xc7\xc3\x10\
\x64\xf0\x58\x63\xe8\x31\xfa\x19\x39\xef\xa8\xf3\xde\x05\x71\x75\
\xef\x04\x6e\x88\x3a\xf6\x23\xf1\xf1\xf1\xaa\xf7\x0a\xfa\xbe\xbf\
\x68\xfe\x6b\x32\x40\xf1\x9f\xbc\xd7\xa2\x64\x80\xa0\x8c\xf4\x5f\
\x96\x95\xb2\xe5\xff\x9a\x35\x6b\x8c\xb9\x57\xff\x2d\x64\x40\x7b\
\xf4\xde\xc0\xbd\xf9\xdf\xc9\xbb\x33\x74\x14\x73\x7e\x1a\xf7\xc9\
\x7d\x67\xcf\x2e\xd0\x16\xe9\x1e\x3c\x10\xfc\xfb\x73\xba\x89\x6d\
\x0f\xcd\x63\xef\xa1\xe3\xc4\x30\x1d\xf4\xd8\x70\x44\x71\x9e\x7c\
\x77\x11\xee\xbb\xb9\x1b\xd8\xa8\x75\x1f\x49\xd0\x51\xfc\xfe\x1b\
\x63\xe2\xbf\x8e\x32\xd2\x7f\x59\x56\xaa\xd0\xfe\xeb\xb0\xe5\x7f\
\x2b\xfb\x36\x8c\x16\x82\x66\x0e\xc6\x58\xf2\xbf\x13\x3a\xec\x65\
\xc6\x7f\x82\xfa\x7f\x1f\xd1\xff\x5b\xf2\xbf\xad\xf0\xdf\x27\x68\
\x80\x11\x5d\x19\xfd\xa1\x6b\xdf\x60\xc6\xf0\x8f\x26\x30\xcf\xf5\
\xfe\x0f\x17\x50\x8f\xef\x42\xae\x7b\xb8\x1b\xd1\x41\xa0\xf7\x5f\
\x8f\x2d\xff\xf3\xff\xba\x8a\x9e\x5f\x55\x73\x40\x81\xdc\x27\xc8\
\x7b\x63\xf7\x75\xe3\xbf\xb6\xff\x97\xfe\xcb\x2a\x64\x3d\xc8\xfe\
\x77\xf6\xf1\x81\xf6\x5d\xbb\x41\x47\x3f\x7f\xe8\xd4\x23\x00\x3c\
\x18\x3d\xc1\xbd\x47\x0f\xe8\xe0\xef\x0f\x6e\xdd\xba\x81\xab\xaf\
\x2f\xb8\x78\xfb\x80\x13\xba\xde\x06\xb1\xf7\xf4\x86\x56\x48\x4b\
\x4f\x5f\x68\xd9\xc9\x17\x3c\x7b\x0f\x00\xcf\x3e\x06\xbc\xf0\xbe\
\x57\x9f\x60\x46\x17\x64\x04\xfa\x3f\x52\xe3\xbb\x02\x3d\x36\xf2\
\xa3\xf1\x6a\x9f\xdf\xa1\x24\xfd\xff\x4b\xfa\x2f\xab\x64\xea\xdf\
\xff\xfe\x37\x58\x23\x3f\x3f\xdf\x2a\x69\x69\x69\x56\xf1\xf6\xf6\
\xb6\xca\xe1\x23\x47\x54\x0e\x0a\xf6\xff\x84\x1c\xf9\x89\xc1\xae\
\x15\x82\xf0\xef\x11\x78\xc6\xe8\x5a\x22\x4f\x3c\xf5\x2c\x8c\x8d\
\xda\x0f\xa3\xa2\x0e\x31\x46\x44\x1f\x80\xe1\x31\xfb\x61\x58\xcc\
\x5e\x18\xba\xfe\x07\x18\x1c\xb9\x13\x06\x87\x7f\x07\x03\xc3\xb6\
\x43\xff\x55\xdb\x90\xad\xd0\x7f\xe5\x76\x08\x26\x56\xe0\xe3\x2b\
\xb7\x41\xb3\xa0\x81\xd0\x0a\xc7\x79\x73\x38\xf4\xed\x07\xcf\x57\
\xac\x04\xff\xa9\x20\xa8\xf8\x86\x81\xd7\x5e\x87\x97\x91\xba\x0d\
\x1a\x30\xec\x34\xd4\x6d\x68\x20\x20\x30\xd0\x88\x40\x1d\xbf\xfc\
\xfe\x9b\x55\x6a\xdb\xd5\xb7\x4c\xbd\xfa\xf0\xf2\x2b\x65\xe1\x15\
\x95\x57\x38\xaf\xbe\xac\xde\x4e\x4a\x4a\xe2\x9c\x4e\xe1\x24\xa6\
\x1a\x51\xda\xef\x3f\x59\xa5\x5b\x0f\xb7\xff\xcf\xc1\xa8\xf5\x87\
\x60\x48\xd4\x4f\x8c\x41\xd1\x3f\xc2\x80\x98\xc3\xd0\x2f\xe6\x00\
\xf4\x5d\xbf\x17\xfa\x44\xee\x86\x3e\xe1\xbb\x20\x30\x6c\x27\xf4\
\x5a\xf5\x1d\x67\xe5\xf7\x9c\x15\xbb\x20\x08\x33\xa0\x71\xe0\x00\
\x78\xbb\x77\xb0\x59\x5a\xf4\xee\x0b\x2f\xa2\xff\xaf\x54\x10\xa0\
\xf7\x2a\xe8\xfe\x2b\x15\x5f\x87\x7a\xc2\xf9\x06\xa5\xe0\x7f\x1d\
\xf4\xff\x15\xe9\xbf\xac\x22\x54\x69\xfb\x7f\xe4\xc8\x61\x95\xc3\
\x3f\x1d\x86\x83\xc8\xfe\x9f\x7e\xe4\x19\x80\xe8\xfd\x57\x73\x80\
\xae\x21\xfe\xd4\xf3\x30\x12\xc7\xfd\x41\xe4\x3e\x32\x40\xf5\xff\
\xa0\xea\x7f\x20\xfa\xdf\x0b\xfd\xef\x89\xee\xf7\x34\xf2\x7f\x27\
\x04\xad\xdc\x01\x8d\x02\x06\xc2\x5b\x01\xfd\x05\xc1\xf0\x56\x2f\
\xa2\x2f\xbc\x15\xd8\x17\x9a\xf7\x0a\x82\x17\x2b\x54\x31\xf5\xbf\
\xc2\x1b\x50\x16\xdd\x27\xec\x54\xff\xed\xa0\x41\x43\x3b\xb0\x43\
\xea\x12\x8d\x38\x7a\xff\xf5\xd8\xf2\xbf\xae\x9d\x9d\x55\x4c\xfc\
\x27\xf7\x5f\xfd\x8f\xd8\xbe\x0c\x49\xc9\x89\xe8\xff\x69\x83\xff\
\x3a\x4a\xfb\xfd\x27\xab\x74\xeb\xbe\xfb\xdf\xc5\x57\xe0\xc3\x38\
\xf2\xe3\x11\xc6\x8f\xba\x1e\xe0\x20\x8e\xfd\x07\xcd\x8c\xff\x5a\
\xff\x9f\x30\xe7\x3f\xd2\x2f\xe6\x10\xfa\xbf\x1f\xfd\xdf\x0b\x81\
\x6b\x77\x43\x40\xd8\x2e\xe8\xb9\x72\xa7\xf0\x9f\xfa\x80\xed\xc8\
\x36\x08\x5a\xbd\x05\x1a\xfa\x0d\x85\xa6\xfe\x83\xa1\x69\xf7\x81\
\xd0\xb4\x47\x7f\x78\xbb\x27\x8e\xfd\x3d\xfb\x31\x5a\xf4\x0c\x82\
\xff\x94\xaf\x02\x65\x09\xf4\xbf\x2c\x79\x2f\x28\x8f\xee\x13\x0d\
\xea\x37\x62\x34\xd2\x65\x00\xa3\x81\xf0\xbf\x57\x6f\x44\x6c\x4b\
\xda\x7f\x35\x03\x84\xff\xfa\xf1\x5f\xfa\x2f\x4b\x53\xf7\xcd\x7f\
\xd5\x7b\x8e\x17\xa3\x2b\x1c\x3a\xfc\x0b\xf2\x33\x1c\xfc\x91\xfb\
\x7e\x58\x6c\x15\x14\xdf\x95\xeb\x85\x6b\x33\xa0\xcc\xd3\xcf\xc3\
\x70\xf4\x7f\x40\xf4\x4f\x2a\xc1\x31\xe8\x7f\xf4\x61\xe8\xb3\xee\
\x20\x04\x46\xec\xc7\xde\x7f\x0f\x04\xac\xd9\xcd\xfd\xc7\x71\xbf\
\xe7\xaa\x1d\xd0\x73\xf5\x36\xe8\xb5\x9a\xfc\x4f\x40\xff\xdf\x85\
\xa6\x98\x01\x6f\xfb\x0d\x81\xb7\x31\x03\xde\xee\x81\xf3\x81\x1e\
\xc1\xd0\x0c\xfd\x6f\xd5\xa3\x1f\xfa\x5f\x95\xfb\xaf\x66\x00\xcf\
\x81\xf2\x82\x06\x76\xc2\x7f\x46\x43\xbc\xcd\xe7\x02\x0c\xbc\xcf\
\xdd\x27\xfa\x18\x6e\x97\x98\xff\x9a\x0c\xd0\xf7\xff\x16\x72\xa0\
\xb4\xdf\x7f\xb2\x4a\xb7\x4a\xd2\xff\x14\xe1\xbf\x17\x21\x7c\x27\
\x3a\x23\x9e\x5e\x7e\xd0\xa9\x8b\x1f\xec\xff\xf1\x17\x23\x28\x0f\
\x0e\x6b\xb0\xe4\x7f\x19\xe1\xff\x7b\xd1\x3a\xff\x91\x7e\x51\x47\
\x70\xec\x3f\x84\xbd\xff\x01\xf4\x7f\x1f\x04\x84\xee\x41\xf7\x77\
\x19\xfc\x0f\xdd\x0a\xbd\x42\x13\x20\x28\x74\x33\x34\xf4\xa7\xf1\
\x1f\xdd\xf7\x1b\x8c\xfe\x0f\x82\x66\xdd\x07\x40\x33\xf4\xbf\x25\
\xba\xef\xd0\xbd\x1f\xbc\x5c\x0e\xfd\x67\x54\x31\xca\x81\xf2\xe5\
\x39\x0d\xec\x1a\x83\x1d\xd2\x10\xa1\xdb\x6a\x2f\x20\xfa\x82\x00\
\x9c\x43\x30\x02\xfa\x89\xdb\x25\xed\xbf\x31\xd2\x7f\x59\xd6\xaa\
\x24\xfc\x27\xef\x53\x52\xd3\x19\x5d\xd0\x7b\x4f\x6f\x84\x9c\x47\
\xc8\x79\x0f\x81\x3b\xb2\xe7\xc7\x5f\x19\x7b\x8f\xfc\x02\xfb\x0a\
\xe0\x3f\xe3\xa9\x67\xc5\xed\x17\x60\x18\xfa\x1f\x2c\xbc\x0f\x36\
\xe3\x7f\x00\xfa\xdf\x13\xfd\xef\x8e\xfe\x77\x5f\xa5\xf8\x9f\x00\
\xbd\xd6\xc4\x43\xd0\x9a\x4d\xe8\xff\x60\x78\x0b\x79\xdb\x7f\x10\
\xfa\x3f\x80\xf9\xdf\x1c\xfd\xa7\xb1\xdf\x91\xfc\x2f\x5b\x1d\xca\
\x12\xe5\x34\x7d\x40\x79\x83\xff\xf5\xed\x9a\x40\x3d\xa4\x81\x5d\
\x53\xa8\x57\x1f\xb3\x00\x9d\x6f\x88\xd0\xb6\x3e\xd2\xe3\x41\xf3\
\x5f\x47\x69\xbf\xff\x64\x95\x6e\x95\xa4\xff\xc9\x08\xb9\xef\x41\
\x74\xe9\xc6\x9c\xef\xa8\xa1\x03\xb2\x13\xdd\x27\x76\xa3\xfb\xbb\
\x31\x03\x0e\xe0\xf6\xa0\x80\x6e\x97\xd1\xbb\xcf\x30\xf8\xff\x7e\
\xd4\x01\x18\x16\x75\x18\x86\x12\xd1\x9c\x21\x78\x7b\x60\xe4\x7e\
\xe8\x1f\xbe\x0f\xfa\x61\xff\x1f\x14\xfa\x03\xf4\xc6\xb1\xbf\x37\
\xba\x1f\x44\xf3\xfe\xd0\x78\xe8\xb7\x66\x23\x0c\x08\xdd\x88\xee\
\x0f\x82\xe6\x0a\xe8\x7e\x0b\xa4\x65\xf7\x60\x68\x8d\xfe\xb7\x45\
\xff\x5f\x2a\x57\x1d\x7b\x80\xea\xac\x0f\x78\x45\xf0\x2a\x66\xc0\
\xab\xe8\x7e\x39\xa4\x0e\x7a\xaf\xa5\x2e\x66\x40\x7d\xec\x03\x78\
\x16\x34\x2e\x7d\xff\x4f\x4b\xff\x65\xdd\x7b\x55\xa8\x50\x01\xac\
\xd1\xb7\x5f\x10\xa7\x6f\x5f\xe8\xd3\x8f\x13\x48\xf4\x0d\x86\x5e\
\xc8\x85\x2b\x57\xe1\x22\x71\xf9\x3a\x9c\x47\xce\x5d\xba\x01\xe7\
\x2e\x1b\xc8\x56\xb9\x0e\xd9\x57\xf8\xef\x5c\x10\x9c\x17\xe4\x68\
\x38\x47\x5c\xa1\xed\x3f\xec\xef\x92\x2f\xdf\x86\xd3\x97\xee\x40\
\x22\x72\xea\xd2\x5d\xc6\x09\xc1\xb1\xcb\x9c\xa3\x5a\xf0\xf1\xe3\
\xf9\x00\x47\x05\xc7\x2f\x09\x2e\x0b\xae\xdc\x81\x13\xc8\x49\x24\
\xf1\xf2\x1d\xc8\xbc\x74\x1b\xb2\xf3\x6f\xc3\x59\xe4\xdc\xa5\x9b\
\x90\x83\x9c\x63\xdc\x80\xb3\x8c\x9b\x1c\x7c\x2d\x39\x97\x95\xd7\
\x7f\x15\x72\x91\x3c\xc4\xd1\xb9\x83\xc0\x0d\x9c\x9c\x5d\xc1\xa9\
\x1d\xe2\xd2\x4e\x65\xc7\x8e\x1d\x56\x19\x3d\x7a\xb4\x55\x76\xef\
\xde\xcd\xf9\x61\xaf\x60\x9f\x11\xf5\xea\xda\x71\xea\xd5\x33\x4b\
\x69\xbf\xbf\x64\x3d\xd8\x55\x14\xff\x03\x90\x1c\x74\xff\x3c\x7a\
\x90\x73\xe9\x1f\xe6\x8c\xea\x3b\xde\xce\x42\xce\xa0\x3b\x67\x2e\
\x13\x37\x18\xd9\xaa\x57\x06\xb2\x75\x9c\x45\xf7\xb3\xc4\xdf\x67\
\x5c\xba\x85\xdc\x86\x34\xf4\x5f\x4b\x8a\x20\x89\xb8\xcc\xb7\xc9\
\x8c\xbb\x90\x9c\x07\x2a\x49\xe8\xfe\x69\x2d\xf8\xbb\x44\xa2\xd8\
\xa6\xe1\x73\xd3\xf3\x53\x0e\x9c\x41\xb2\xc4\x36\x13\x5f\x33\x83\
\x3d\x76\x0b\x6f\xdf\x60\x19\xc0\xb8\xc2\xf3\x8b\x32\xaf\x0d\xba\
\xdf\x46\xf1\xbf\x9d\xf4\x5f\xd6\xc3\x55\xf7\xe2\x7f\x2f\x24\xa0\
\x6f\x7f\xe8\xd9\x77\x80\x3a\x66\x9f\x15\x7e\x1b\xbc\xe1\xde\x9a\
\x23\xd3\x26\xb7\xd4\xdf\x4b\x33\xe3\xbe\xb9\x1c\x48\xd5\x3e\x8e\
\xde\xab\x60\x0f\x90\x8a\xa4\x68\x7e\x57\xcd\x0d\xfd\xdf\xe1\xbe\
\xd2\x95\x7d\xe2\x7f\x03\x43\x7d\xdd\x86\x0c\xcb\x12\xbd\x00\x65\
\x40\x2b\x74\xbf\x35\xcb\x80\xfb\xe5\xbf\x31\xd2\x7f\x59\x45\x29\
\x9b\xfe\xa3\xf7\x0a\xea\xf8\xdf\x17\xe7\xba\xe8\x7e\x0f\xe1\x3f\
\x73\x1f\xfd\xa0\xb1\x5a\xeb\x8d\x39\x5f\x53\xf5\xe4\xdf\x65\x7e\
\x9a\xe7\xae\x55\xf7\xb5\x64\x58\xc0\x56\x6e\x58\x04\xe7\x1d\x84\
\xe1\xf9\x6f\xf3\x5e\x84\x7a\x19\x31\x3f\xc8\x41\x5a\xb6\xe3\xfe\
\x3b\xa0\xff\x6d\x15\xff\x35\x48\xff\x65\x3d\xc8\x55\x70\xff\x83\
\x19\x41\x48\x60\x10\x8e\xfd\x41\x03\xa0\x7b\xd0\x20\xd6\xeb\x53\
\x6f\xcc\xdc\x67\xe3\xa6\x0e\x1b\xde\x15\xd4\xef\x7b\xcd\x81\x82\
\xfe\x9d\xa5\x1c\x30\xfe\x3d\xde\x0b\x28\xf3\x19\xfa\x6f\x57\xfc\
\x6f\xdd\xce\x8d\x65\x80\xd1\x3c\xa0\x38\xfd\xb7\x90\x03\x96\xbc\
\x97\xfe\xcb\x2a\x48\xd9\xf6\x3f\xd8\x84\x20\x74\xbf\x4f\x9f\x81\
\x10\xd8\x67\x30\x64\x5c\xb9\x01\x69\x57\x6e\x1a\x5c\xb7\xe1\xff\
\x43\x47\x3e\x18\x10\x7d\x00\xf3\xff\x0a\xf7\xbf\x85\x73\x47\x9c\
\x03\x74\xc4\x0c\x70\x33\xca\x00\x47\xd5\xff\xef\x05\xd2\x7f\x59\
\x0f\x5e\xdd\x8b\xff\xbd\xd1\xff\x80\xa0\x81\x38\xfe\x0f\x66\x6b\
\xe3\x59\xac\xf7\x37\x33\xf6\x5b\xf0\xdf\x66\xef\x7d\x1f\xfa\x84\
\x82\xbe\x16\xbd\xff\x69\x62\x2d\x20\x43\x64\xc0\x3b\xce\xee\xd0\
\x1c\xa1\x1c\x68\xe9\x6c\x3a\x17\xd8\x86\xee\x6f\x2b\x4e\xff\x75\
\x48\xff\x65\x15\xa5\xee\xd5\xff\x9e\xcc\xff\x41\x7c\xcd\xff\xd2\
\x4d\xc3\x5a\x5d\x61\xfc\xcf\x47\x72\xef\x72\x2e\x9a\x81\x1e\xcf\
\x2f\x41\xff\x0b\xb0\x7f\x65\x0d\xd1\xe0\xff\x1d\x75\x1d\x80\xe6\
\x3d\xef\x38\x7b\x40\x73\x27\x0f\x96\x01\xcd\xd1\x7d\x9e\x01\xd8\
\x07\xa0\xfb\xd4\x03\x6c\x2f\xee\xf1\x5f\xfa\x2f\xab\x10\x55\xb6\
\x6c\x59\xb0\x46\xf7\xee\xdd\xad\x12\x1b\x1b\xcb\x11\xdf\xf1\x1d\
\x1b\xbd\x11\xa2\x91\x28\x64\x1d\x92\x23\xfc\xa7\x9e\x98\xf5\x00\
\x6c\x2e\x20\xd6\x02\x74\x7d\x74\xca\x25\x1d\xb9\x00\x73\xe6\x24\
\xc2\x9c\xaf\xd3\x60\xce\x57\xe9\x82\x0c\x46\xc8\x97\x67\x20\x64\
\x56\x32\xa4\xe4\x89\xb5\x38\x35\x37\x8c\x9f\x43\xef\x66\xa1\xc6\
\x7d\xf4\x3b\x64\xce\x49\x08\xb1\xb8\xff\x14\xcc\x01\x73\xfb\xe1\
\xd9\x96\x2e\x8e\x15\xf2\xf5\x80\x9b\xea\xb1\xcf\x1c\x76\x6c\xf0\
\x1a\x3b\x3f\x20\xb8\xff\x60\x18\xd0\x7f\x10\x67\xc0\x00\x13\x4e\
\x9d\x3e\xcd\x38\x2d\x48\x4e\x34\x66\x2f\x3a\xbe\xd7\x8a\xff\xa1\
\xa1\xa1\x56\x69\xd2\xa4\x89\x55\x4a\xfb\xfd\x29\xab\x64\xab\xe4\
\xfd\xff\x87\x1d\xb3\x3f\x73\x49\xef\xbf\xe9\x3c\xda\xc4\x7f\x74\
\x8b\xb9\xff\x45\x36\xcc\xf9\xfc\x9c\xe0\x3c\x23\xe4\xb3\x0b\xcc\
\xc1\x94\xdc\x12\xf6\x1f\x1d\x0f\xb1\xb6\x7f\xb3\xfe\xdf\x11\xbd\
\x8d\xe1\xbc\x01\xed\x39\x0e\xe7\xc4\x79\x42\xb9\xd2\x7f\x59\xa5\
\x5c\xc5\xed\x3f\xfb\x5e\xaf\x98\x38\x88\x44\xf7\xc3\xa3\x37\xf1\
\x73\xfe\xe8\x5c\xbd\x4b\xfc\xb8\x18\x3f\xfe\x67\xdd\xff\x24\x05\
\x74\x6b\xd6\xac\x34\x98\xf5\x65\x36\xcc\xfa\xe2\x9c\x01\xc5\x43\
\x1c\x87\x93\xf2\xe8\xfc\x1e\xbd\xff\x86\x1c\x28\xd2\xbc\x1f\xfd\
\x9f\x83\xfe\xcf\xf9\x3c\x9b\xed\x93\xef\xfb\xbc\x66\xff\x99\x96\
\xfd\x57\xc1\x3e\x00\xff\x9b\xd3\xd5\x75\x81\x1b\xec\x3c\x47\xde\
\x03\x5c\x85\xbe\xe8\x7f\xf0\x80\x41\x02\xdb\xfe\xeb\x73\xc0\x56\
\xff\x2f\xfd\x97\x65\xad\x4a\xce\xff\x4d\x10\x1e\xc3\xfd\x3f\x4f\
\xe7\xfc\xb2\x75\xc0\xdb\x6c\x5e\xcc\xcf\xd9\xd3\x1d\x7f\xcb\x37\
\x78\x94\xa2\xf1\x5f\x19\xff\x8d\xfc\xff\x42\xe3\x3f\x3a\x4a\xe7\
\xf7\x19\x7b\x5f\x8c\xfe\xd3\xfe\x3f\x17\xde\x7f\x61\xd8\x16\xd8\
\x7f\xed\x3a\x07\x9b\x13\xdc\x62\xe7\x07\xd1\xba\x08\x9d\x1f\xd4\
\x37\x78\x30\xeb\x01\xa4\xff\xb2\x4a\xa3\x8a\xcd\x7f\x24\x9a\x60\
\xfe\x6f\x64\xfe\x47\x46\x6f\x86\x8b\xf8\x3e\x67\xfe\xe7\xdf\x62\
\xe7\xd1\x9f\x51\xcf\x97\x33\xf5\x5f\x8b\xbe\xff\x67\x3d\x80\xa6\
\x0f\x60\xbd\x38\xce\xc7\x29\x23\x92\x8c\x7a\xfe\xe2\x38\x2e\x70\
\x17\x52\xaf\xe0\xf3\x9e\xbf\xc3\xe7\xfc\x6c\xcc\x3f\x6f\xc8\x00\
\xcd\xfe\x8d\xfc\x37\xea\xfd\xcd\x65\x0a\x5f\x13\xa0\xe3\x21\xf4\
\xd9\x87\x0b\xf8\xef\xd2\x37\x78\xa8\x49\x06\x04\x0f\x0c\x86\x01\
\x02\xc5\x7f\x4b\x39\x20\xfd\x97\x55\x94\xba\x1f\xfe\xf3\x0c\xc0\
\xf7\x3c\xfa\xaf\xcc\x03\xb4\x19\x90\xa1\xf1\x3f\x43\x9b\x01\xe8\
\x56\x88\x32\xff\x57\x32\xe0\x8b\xb3\xa6\xfe\xd3\xef\xe6\x97\x94\
\xff\x19\xc6\xe3\xff\xbd\xfa\x2f\xce\x31\x56\xfd\x47\x28\x17\x83\
\xfa\x0d\x63\x19\x10\x1c\x3c\xc4\xe0\xff\x00\xe9\xbf\xac\xfb\x53\
\xc5\xef\x7f\x2c\xac\xa3\x0c\x88\xe6\x19\x70\x51\xf4\xff\x46\xfe\
\x5f\xe6\x73\x81\x4c\xed\xf9\xf4\xba\x3e\x40\x1d\xff\x69\xfe\xfd\
\x65\x16\xba\x6f\xcc\x9c\x2f\x90\x59\xa9\xba\xf1\xdf\xf8\xdc\xdc\
\x94\x7b\x3c\xbf\x88\x9e\x23\xf9\xf2\x5d\x36\xb7\xe0\xfe\x9f\x55\
\x73\x87\xf7\x21\x86\xfd\x9b\xf8\xcf\xfa\xfd\x5b\x6a\xdf\xaf\xcf\
\xa3\x74\x84\xfe\xdb\xa9\x1f\xa2\x7f\x97\x3e\xfd\x87\x22\x83\xd9\
\x3a\x40\x5f\x33\xeb\x00\x7a\xff\xf5\x48\xff\x65\x15\xa5\x8a\xdd\
\x7f\x64\x5d\xac\x61\x0d\x90\xfb\x6f\x58\x03\x60\x9f\xfb\x63\x9f\
\xf3\xbb\xc5\xe6\x02\xe9\x97\x74\xe7\x01\x14\xd4\x7f\x02\x7f\x56\
\x52\xfe\xb3\xcf\x0c\x2a\xf3\xff\x2f\xcf\x88\xfd\x66\x1b\xfc\x17\
\xfb\x37\xeb\xbf\x72\xbe\x63\x41\xfc\x0f\xd6\xf8\xdf\x5f\xfa\x2f\
\xeb\xfe\x96\xb9\xf3\x77\xb4\x14\xc6\x7f\x25\x03\xa2\x90\xf5\x82\
\xd0\x88\x28\x24\x06\x42\xc3\x63\x61\x15\xb2\x12\x59\x81\x7c\x1b\
\x1e\x07\xcb\x90\x4c\xcd\x7a\x60\x9a\x91\x2b\xdc\xff\xfa\x76\xe3\
\xc0\xae\xee\x14\x13\x1a\x10\xf8\x33\xc3\xfa\x9f\xee\x73\x39\xba\
\xf3\x8b\x32\x74\x7e\x9b\x9b\x1f\xe8\x5d\x4d\xce\xbb\x0b\xf5\x1b\
\x8f\x02\xbb\x7a\x13\xc1\xae\x0e\xee\xb7\xf6\x34\xdc\x4e\x65\xb7\
\x95\xfd\x1b\xaf\xff\xdd\xe5\x63\x3f\xf9\x7f\x85\x1f\xeb\x50\xb3\
\x48\xbc\x36\xe3\xfe\xff\x26\x1c\x3b\x95\x0e\xc7\x12\xd3\xe0\xc4\
\x29\x24\x31\x05\x4e\x25\x26\x19\xd1\x6f\xe0\x60\x23\xfa\x0b\x06\
\x0e\xe0\x7c\xf6\xd9\x67\x56\xb1\xe5\xff\xd6\xad\x5b\xad\x52\xda\
\xef\x4f\x59\x25\x5b\x25\xe1\x7f\x8c\xc8\x00\x62\x4d\xc4\x7a\x08\
\x0b\x8f\x82\x35\xe1\x31\x8c\x50\x64\x15\xe6\xc1\xf2\xf0\x0d\x2c\
\x03\xb4\xeb\x01\x7a\xff\x93\xd1\x2d\xbb\xfa\x56\xfc\xaf\x3f\xb6\
\xc4\xfd\xb7\x6b\x32\x02\xec\xec\xc6\xe3\x3e\x27\xab\xee\x6b\xf3\
\xc7\xaa\xff\x57\x4c\xfd\x4f\x63\xe7\x03\xf0\x6b\x86\x48\xff\x65\
\x95\x76\x15\xb7\xff\x5a\x28\x07\xc2\x23\xd6\x21\x51\x10\x8e\xde\
\x13\x6b\x91\x30\x25\x07\x90\x6c\x71\x4e\x0c\xf9\x9f\x8a\x7e\x18\
\xae\xd7\x81\x7d\x7d\x2e\xfa\xdf\xe0\x23\x3e\xfe\xea\x68\x50\x17\
\xa9\xff\x11\x3f\xfe\x7f\xe5\xb6\x51\xcf\x5f\x54\xff\xd9\xfe\x09\
\xe6\xff\x48\xf4\x1f\x33\xa8\xde\x24\x91\x3d\x93\x8c\xf6\x4f\xe7\
\x28\x16\xc8\x7f\xcd\xeb\xa2\x9e\xe7\xac\x58\xff\x63\xfe\x9f\xd2\
\xfa\x6f\x8c\x39\xff\xb5\x39\x20\xfd\x97\x55\x94\x2a\x49\xff\x89\
\x48\xf4\x3f\x32\x9c\x88\x52\x89\x08\x17\x79\xb0\x96\xfb\x4f\xe7\
\xc4\xd0\xb8\x48\x7e\xa8\xee\x69\xfd\xb7\x9b\x68\x42\x03\x72\xb0\
\xc1\x47\xcc\x51\xa3\xf1\xdf\x8c\xd7\xe6\xfc\xb7\x78\xcc\x5f\x9b\
\x01\xf8\xdc\x0d\x1a\x8d\x62\xe3\x3c\xcf\x9d\x49\x1c\xcd\xfe\xad\
\xfa\x6f\xa6\xff\xd7\xfb\x7f\xfc\x64\x3a\x73\xff\x14\x61\xc6\xff\
\xfe\x1a\xd7\xa5\xff\xb2\x8a\xbb\xee\x8b\xff\x3a\xc2\x71\x4e\xb0\
\x46\xcc\x03\xb2\xc4\xf5\x01\xd2\x2e\x5b\xf0\xbf\xe1\x07\xbc\xff\
\xd6\xd1\x80\xc0\x9f\xd1\xef\x18\x1f\xff\xd7\x53\xf8\xe3\x80\xea\
\xf5\x7f\xc8\xff\x86\x63\xd8\xbe\x54\xff\x59\xfe\x18\xf6\x6f\xd1\
\x7f\x0b\xeb\x7f\xa9\xec\xb8\x07\xf7\x9f\x8e\xff\x9f\x40\xff\x4f\
\x69\xfc\x3f\x7d\xca\x18\xad\xff\xfd\xcd\xcc\x03\x66\xa2\xe3\x33\
\xa5\xff\xb2\xee\xb1\x4a\xc3\x7f\xea\x07\xc2\xc3\xa3\x61\xb5\xf0\
\x3f\x9d\xae\x11\x80\xde\x28\xe3\x64\xa1\xfc\xd7\x1e\xff\xd7\xa2\
\xff\x1c\x80\x99\x7e\xc0\xe6\xf5\x7f\x72\xd1\xff\x06\x1f\xb2\xb1\
\x5e\x3b\xf6\xdf\x9b\xff\x20\xfc\xbf\xc3\xae\x5f\xa6\xf8\x7f\x52\
\xf8\x7f\xfa\x64\x9a\x89\xfb\x84\x32\xcf\x27\xa4\xff\xb2\x8a\xbb\
\x4a\x67\xfc\x5f\xc7\xd6\x05\x69\xfc\xcf\x16\xd7\x04\xa4\xf3\x82\
\x69\xfe\x9f\xac\xf1\x85\xfc\x6f\xa0\xf7\xbf\xfe\x58\x06\xad\xfd\
\xd1\xd8\x6c\x32\xfe\x17\xd0\xff\x82\xf4\x00\xdc\xff\x8f\xb8\xff\
\xea\xdc\x63\xfc\x3d\xfb\xaf\x3c\x37\xf7\x9f\x9f\xff\x67\xda\xfb\
\x1b\xaf\xff\xe9\xfd\xd7\xf7\xff\xd2\x7f\x59\x45\xa9\xd2\xf0\x3f\
\x02\x59\x8b\xfe\xaf\x8e\x88\x66\xd7\x06\x24\xff\xd3\x85\xff\x29\
\x8f\x91\xff\x6c\xfe\x2f\xd6\xfe\x4a\xca\xff\x35\x6b\xd6\x58\x45\
\xfa\xff\x78\x57\x51\xfd\xff\xfe\xfb\xef\xad\xb2\x69\xe3\x66\x13\
\xe2\x36\x6e\x81\x58\x24\x06\x39\x7b\xf9\x3a\x5f\xff\xbf\x7c\x53\
\x7c\x3e\xe6\x8e\xc1\x5f\xf2\x5f\xf8\xc7\x1d\x34\x64\x00\xf3\xbf\
\xd1\x68\xcd\xfa\x9f\xb5\x35\x80\xc2\x9f\x17\xac\xfa\x8f\x8e\xb3\
\xf9\xbf\xea\xbe\xe8\xff\xcd\xad\xff\x5d\xb2\x7c\xfe\x8f\xd1\xf5\
\xc1\x2e\x19\xd6\xff\x66\x85\x2c\x81\x39\xc4\xbc\x45\x30\x67\xfe\
\x02\xce\x82\xf9\x10\x32\x9f\xa3\xf7\x7b\xa6\x8e\xff\xfd\xef\x7f\
\x56\x09\x0b\x0b\xb3\x8a\xf4\xff\xf1\xae\xd2\xf4\x3f\x6a\xd3\x16\
\xf6\x5d\x1e\x59\x1a\xff\x69\x4e\x9e\xfa\x88\xfb\xaf\x3d\xff\x9f\
\xfc\x9f\x35\xaf\xe4\xfc\x0f\x5f\x1b\x6e\x15\xe9\xff\xe3\x5d\xa5\
\xe1\xff\x06\x74\x3f\x9a\xfc\xdf\xb8\x95\x7d\x57\x46\x96\xe6\x18\
\xa0\xf6\xb3\x40\xe4\x56\x23\x5b\xfe\xe7\xeb\x3f\xff\xaf\xbf\x0e\
\x88\xe9\xb1\xc1\x82\xe4\x80\xea\x3f\xee\xa3\x81\xdd\x58\xd3\xf5\
\x47\x6b\xfe\x9b\x39\xff\xdf\x30\xf6\xf3\xcf\x40\xe4\x88\xfe\xff\
\xab\x79\xdc\xff\x59\xf3\x16\xc2\x2c\x74\x7f\x16\xba\x3f\x7b\x41\
\x08\x66\x00\xc7\x56\x7f\x2f\xfd\x97\x55\x94\xba\xdf\xfe\x6f\xd4\
\xf8\xbf\x1e\xfd\xa7\x6b\xe1\x68\xcf\x01\x2a\xb4\xff\x9a\xeb\x7f\
\x19\x39\xac\x7e\x8e\xa0\x18\xfc\xaf\x5f\x08\xff\x95\x0c\x10\xb7\
\x95\xef\x31\xd0\xfa\xaf\x7c\xfe\x97\xae\x8b\xc2\xfd\x5f\x8c\xe3\
\xbf\x61\xec\xb7\x36\xfe\x4b\xff\x65\x15\x67\xdd\x4f\xff\xe3\x36\
\x09\xd4\xf9\xff\x56\xf5\x3b\x01\xf9\x35\xc2\x6e\x43\x66\xbe\xde\
\x7f\xde\x7f\x37\xd0\xbb\x8f\x34\x6a\x38\x1a\x52\xf3\xee\x80\xf2\
\xbd\x3c\xfa\xcf\x14\xf3\xe3\x7b\x16\xae\x3b\x6c\xe3\xfa\xe3\x26\
\xfe\x2b\x58\x5d\xff\xd3\xae\x33\xde\xd6\xbd\x2e\xf1\xdd\x46\xf4\
\xd9\x47\xf5\x1a\x60\x57\xd1\xfd\x45\xc8\x02\xe6\x3f\x73\x9e\xb6\
\x1a\x6c\x9d\xdf\x23\xfd\x97\x55\x94\x2a\x4d\xff\x63\xd1\x7f\xfa\
\x7c\xe0\x05\xd1\x0b\x9f\xcd\xbf\x05\x59\xe8\x7f\x86\xc8\x00\x3a\
\xb7\xbe\x09\xfa\xdf\x48\xe7\xbf\x92\x01\x0d\xd1\xff\xb4\xdc\x3b\
\x98\x19\xb7\x0c\xe4\xdd\x66\xa4\xe7\x73\x14\xef\xee\x9b\xff\xca\
\x75\x0c\x44\xfe\x9c\x51\xae\xff\xa7\xc2\xaf\x03\xca\xfc\xbf\x72\
\x95\xf5\xfc\x73\x84\xf7\xf3\x71\x3b\x9f\xb6\x21\x8b\xf8\x96\xfc\
\xff\xef\xe7\x1c\xe9\xbf\xac\x12\xa8\xd2\xf0\x3f\x56\xf4\xff\xd1\
\xe8\x7f\x1e\x7a\x90\x27\x32\xe0\x5c\xfe\x4d\x76\x8d\x20\xea\x01\
\xd8\xd8\x8d\xfe\x35\x69\x30\x06\xfd\x1f\xcb\x50\xc6\x7d\xad\xff\
\xc9\xe7\x71\xae\x9d\x7b\xdd\x84\x54\xda\xe6\xff\xc3\x48\xbf\x74\
\xc3\xe8\x9c\x7c\xed\xfa\x9c\xe5\xf3\x80\xc5\xfa\x23\x9d\xff\xa7\
\xe9\x39\xd4\xde\x83\x5e\x13\xbe\x36\xbd\xff\x19\x0a\x97\x78\x8e\
\x9d\xd1\xcc\xf9\xb3\xc5\xe7\x9f\x95\xeb\x7f\x5e\x54\xfc\x17\xfd\
\x3e\xf7\x7f\xbe\xea\xfe\x7c\x39\xfe\xcb\x2a\xe1\x2a\x35\xff\x37\
\x19\xfb\xaf\x5c\x23\xe8\xac\x72\x8d\x30\x74\x27\x1d\xfd\x7f\xab\
\xd1\x70\x68\x82\x9e\x93\x6b\xcc\x45\x02\xc7\x64\xea\xfd\x1b\x35\
\x1e\x0e\xa7\xcf\xde\x80\xd3\xe7\xff\xc2\x1c\x30\x85\x1e\xcf\x10\
\xe7\x16\x99\x20\xfa\x82\x54\xec\x15\x52\xf3\x8d\x49\x26\xf2\xee\
\x42\xf2\x05\x1c\xff\x1b\x8f\x34\xec\x57\x03\xbd\x9e\x46\x8d\x46\
\xb2\xdf\xa1\xdf\x4d\x15\xa4\x0b\x94\x3e\x24\xfb\x12\xe7\x9c\xf2\
\xbd\xe1\x38\xf6\x9f\x17\x63\xff\xc5\x2b\x7f\x1b\xfa\x7e\xc5\xff\
\xf9\xd2\x7f\x59\xf7\xaf\xfe\xf7\xd9\x17\x60\x16\xf1\xfe\x19\x31\
\x62\x38\x8c\x18\xa9\x61\xc4\x08\xc1\x28\xc6\xf1\xe3\xc7\x2d\x72\
\xec\xd8\x31\xc6\xd1\xa3\x47\xe1\xe8\x9f\xc7\xe1\x0f\xc1\x6f\x47\
\x91\x3f\x4f\x30\x32\xb3\xcf\x43\x66\xd6\x05\x48\xcb\x3c\x0f\xc9\
\x99\x17\x21\x29\x33\x17\x4e\xe1\x00\x7a\x32\xe3\x32\x1c\x4f\xbf\
\x0c\xe9\x17\xee\x40\x2a\x83\xfb\xc8\xb8\x78\x87\x91\x8a\xbd\x7f\
\x62\x0e\x7a\x9e\x73\x05\x92\x90\xe4\xf3\x97\x8d\x39\x97\x0f\x69\
\x67\x72\x21\x1d\x9f\x37\x3d\x23\xd7\x98\xf4\x7c\x48\x45\x32\xf2\
\x6e\xa1\xaf\xc4\x1d\xe6\x6f\xb2\x16\xfa\x6c\xf1\x79\xeb\xa4\xe6\
\x1a\x7b\xaf\xf7\x3f\x7a\xcb\x5e\x88\x4e\xd8\x0b\xb1\x5b\x76\x23\
\x3f\x40\x1c\xb1\x75\x27\x6c\x42\xe2\xb7\x7e\x0f\x5b\xb6\x6e\xe3\
\xae\x6d\x4b\xe0\xe8\xfc\x9b\xaf\xcd\x05\x33\xac\x5c\xb9\xd2\x2a\
\xdb\xb6\x6d\xb3\x8a\xf4\xff\xf1\x2e\x9b\xfe\x8f\xbc\x3f\xfe\xa7\
\x9f\x39\x0f\xa9\xe8\x69\x0a\xba\x79\x3a\x83\x32\xe0\x12\x9c\xc0\
\x0c\x60\x73\x79\x1a\xa3\x35\x5e\x2a\x63\x76\x06\xce\xf7\x13\xb3\
\xf2\xe1\x34\x92\x84\x24\x67\xe5\x42\x8a\x20\x15\x49\x23\xc8\x7d\
\xe1\x7f\xa6\x16\x74\x9f\x32\x20\x23\x17\xe7\x06\xb9\x38\x1f\xb8\
\x78\x87\x7d\x97\x40\x52\x21\x49\x11\xd0\xdf\x6b\xc9\xcc\xbd\x05\
\x67\x90\x58\x72\x1f\x89\x43\xff\xc9\xfd\x4d\x8c\x9d\xb0\x79\xeb\
\x77\x8c\x2d\x5b\xa4\xff\xb2\x4a\xaf\xee\xcd\x7f\x43\x0e\xdc\xb3\
\xff\x82\xac\xac\xf3\x8c\x8c\x4c\xf2\x9f\x67\x00\xf5\x00\x49\xd8\
\x03\x50\x1f\x40\x6b\x7a\x7c\x7c\x16\xfd\x39\xf9\x8f\xdb\x14\xb6\
\xbe\x77\x0b\x7f\x1f\x3d\xa6\x31\x9e\x81\x39\x82\x59\x92\x81\x64\
\x0a\xe8\x79\x33\x19\x17\x0d\x64\x5c\x64\x19\x40\x99\x60\xe4\xff\
\x45\xee\x74\xa2\x15\xcf\x2d\x91\x96\x7b\x8b\x91\x81\xcf\x41\x90\
\xfb\x67\x2e\x0a\xff\xd1\xfd\x8d\x09\xbb\xd1\xfb\x5d\xb0\x99\xdc\
\xdf\x82\xde\x93\xfb\x5b\x77\xc0\xd6\x2d\x5b\x8d\xfd\xd7\x21\xfd\
\x97\x55\x92\x65\xbb\xff\x1f\x61\x40\xf1\x7f\x64\x21\xfd\xff\xd3\
\xd8\x7f\x2d\x8a\xff\xe4\x28\xf5\x00\x34\x56\xa7\xa1\x9f\x69\xe9\
\x79\x90\xa2\xf4\xe7\xf9\xc2\xff\x3c\x83\xff\xa9\xc2\xff\x8c\xf4\
\x5c\x8d\xdb\xe7\xad\x70\x51\x97\x01\xdc\xff\x4c\xf4\x9f\x32\x20\
\xe3\xe2\x6d\xb3\x3d\x80\x2d\xef\x4d\xfd\xbf\xcd\xc8\xba\x78\x13\
\xb2\x91\xb8\x84\x3d\xc8\x6e\x88\x4f\xf8\x81\xb9\xbf\x85\x40\xf7\
\xb7\xa1\xfb\x84\xea\x9a\x1c\xff\x65\x95\x42\x59\xf4\x5f\x60\xe4\
\xbf\xe2\xbe\x06\x8b\xfe\x1f\x3b\x09\xc7\x8e\x9e\x60\x90\xfb\x47\
\xff\x10\x5b\xf2\x1e\xfb\x01\x73\xfe\x13\x19\xe4\x3f\x92\x8a\x6e\
\x26\x23\x59\xe8\xff\x99\x3c\x7e\x5c\x2f\x43\xc9\x00\x1a\xf7\x85\
\xff\xcc\xe1\x02\xf9\x6f\x20\x3d\xf3\x02\xfb\x3b\xda\x47\x16\xba\
\x4f\xd0\x58\x9d\x81\xfe\xa6\x10\x79\xb7\x6c\x3b\x9f\x77\xcb\x08\
\xd5\x7f\x7c\xae\xcc\xbc\x7f\x20\x3b\x17\xc9\xbb\xce\x7a\xfe\x8d\
\x5b\x7e\x10\xe3\xfe\x4e\x31\xee\x9b\xf1\x5f\xcf\x96\xed\x0c\xe9\
\xbf\xac\x92\x2c\xdb\xfe\x8f\xd2\x50\x3c\xfe\x2b\xf3\x01\x22\xf3\
\x4c\x0e\x23\x23\x43\x90\x7e\x01\xc7\xff\x0b\x38\xf6\xe3\x3c\x00\
\xfb\x80\x73\x79\x37\xe1\x2c\xfa\x95\x4d\xfd\x34\xba\x9f\x46\xfe\
\x5f\xba\xc5\xa0\xe3\x7a\xf7\xee\x3f\xcf\x98\x73\xe8\xe9\x39\x74\
\xf6\x2c\x8e\xd5\x59\x17\x0d\x1e\x2b\xf3\xf8\xc2\xf9\x7f\x93\xb9\
\x7f\x06\x39\x9b\x77\x0d\x5f\xfb\x35\xb6\xd6\xb7\x91\xf5\xfd\xdf\
\x15\xcc\x7f\xe1\xbd\xea\xbf\x72\x2c\x40\xfa\x2f\xab\x04\xca\xb2\
\xfb\x5f\x32\xcc\xfa\x3f\xea\x5d\x83\xff\x27\x8e\x71\x4c\x32\x40\
\xe7\xbf\x86\x3f\x34\xfe\x67\x9c\xc9\xc6\x31\x3f\x1b\xd2\xd3\xcf\
\x71\xd2\x72\x20\x35\x3d\x07\x92\xd3\x2e\xc0\x69\xcc\x82\x9c\xfc\
\x7f\x18\x67\xf3\x70\x8c\xce\xc7\x79\x3a\x8d\xfd\xe8\x7d\xd1\xfc\
\xe7\x6b\x82\xe4\xff\xf9\xdc\xeb\x22\x03\xfe\x61\x7d\x40\x7a\x1e\
\xad\x07\xdc\x50\x73\x40\x75\xdc\x9a\xff\xf9\xf8\xfb\x79\xf4\xb7\
\xf8\x1c\x34\xf6\x23\xe7\xb4\xfe\x23\x09\x5b\xbf\x53\xdd\x97\xfe\
\xcb\x7a\x50\xaa\xd0\xfe\xb3\xe3\x81\x06\xff\x4f\x9e\x3c\x2e\x38\
\x69\xc4\x89\x13\xa7\xd4\x1e\xc0\x9a\xff\x69\xe9\x99\xc8\x19\x48\
\x4d\xcd\xe6\xa4\x9c\x85\x64\xe4\x74\x4a\x0e\x9c\x42\x72\xf2\xaf\
\x0b\x6e\x40\x36\xc2\x7a\xfe\x7c\xee\x7e\x26\xdd\x2f\xa4\xfb\xc6\
\xfe\x5f\x84\xf3\xe8\xe8\x79\x74\x9f\x38\xab\xac\x05\x30\x70\x1f\
\xd6\xe6\x03\x79\xfc\x67\x2c\x27\xf2\xc4\xdf\x68\xc6\xfd\x73\x79\
\x57\xe1\x5c\xfe\x55\x88\xd7\xf5\xfd\x26\xfe\x6f\x29\x3d\xff\x69\
\x7f\x5b\xb6\x6c\xb1\x4a\x69\xbf\x3f\x65\x95\x6c\xa9\xe7\x8a\xe8\
\xbc\x57\x48\x3c\x9d\x6a\x20\x29\x05\x49\x82\xc4\xe4\x44\x95\x53\
\xa7\x4e\x59\x24\x31\x31\x11\x92\x93\x93\x21\x25\x25\x05\x49\x83\
\xa4\xd4\x14\x03\x78\x3f\x25\x35\x1d\x52\xd3\x32\x98\xff\xe9\x29\
\xd9\x6a\x06\x24\xa7\x64\xb3\x0c\x48\x42\xe8\x78\x40\xf2\x19\x24\
\x93\xaf\x07\xa4\x0a\xd2\xd9\xf1\xbb\xbc\x42\x8f\xfd\x5a\x32\x44\
\x16\xa4\x8a\x5e\x20\xd5\xcc\xf9\x01\xe9\xba\xf9\x00\x43\xdc\x67\
\xf9\x90\x96\x07\x69\x04\xce\x57\x52\xd9\x9c\xe5\x02\x23\x85\x41\
\xcf\x7f\x16\xf7\x63\xe0\x8c\x8e\x7d\x7b\xf7\x5b\x65\xe7\xce\x9d\
\x56\xb9\x57\xff\x95\xbc\x21\xc7\x13\x12\x12\x2c\x52\xda\xef\x4f\
\x59\x25\x5b\x45\xf5\x9f\x1c\xb7\x04\xfb\x9e\x5a\x1b\xfe\x33\x52\
\x30\x03\x92\xcf\xe0\x96\x93\x44\x24\x67\x33\x14\xff\xf5\x7e\xaa\
\xc7\xf1\x8b\xe0\xbf\xb6\x17\xa0\xf5\x00\xa3\xe7\xc5\x6c\xe1\xe7\
\x07\x58\xf6\x9f\xfd\x0c\xdd\xcf\x20\xd0\xfd\xf4\x74\x72\x3e\x07\
\x52\x32\x73\x20\x8d\xc0\xdb\x99\xc2\xf3\x07\xd1\x7f\xc5\xfd\xcd\
\x9b\x37\x43\x7c\x7c\xbc\x59\x4a\xfb\xfd\x29\xab\x64\xcb\xd4\x7f\
\xe3\x1c\x30\xeb\x7f\x92\xc1\xff\x24\xbc\x6f\x09\x72\xdf\xe0\xbf\
\xc1\xfd\x44\xe1\xbf\x02\xf9\x9f\x92\x94\x89\x7f\xc3\x49\x4c\x36\
\x90\x7a\xc6\x70\x5e\x40\xaa\xe2\xaa\x38\x7e\xc7\x8e\xe3\xdf\xa3\
\xf7\x46\x19\xc0\x8e\x3b\xf2\x75\xc1\x4c\x05\x33\xe7\x07\x18\xf9\
\x2f\xd6\xfa\xd3\x84\xfb\x1c\x5a\x57\xcc\x31\x42\xef\xbb\xf4\x5f\
\xd6\x83\x54\x85\xf5\x3f\xe9\x74\x8a\x55\xe7\x0b\xe2\x7f\x92\xd6\
\xff\xe4\x0c\x86\x25\xff\x99\x9b\x67\x34\xe3\xb4\xe2\x7f\x11\xc7\
\x7d\xeb\xe8\xfd\x47\xc4\xf9\x01\xb6\xfc\xcf\xcc\x38\x67\xd3\x79\
\xe9\xbf\xac\x07\xa5\x4c\x3e\x33\xa2\xcb\x01\xc5\xfd\xa4\x44\xc1\
\x69\x9e\x01\x29\x82\x82\xfb\x9f\xa6\xa2\x1d\xfb\x15\xff\x4d\x10\
\x59\x60\xfb\x7c\x9e\x7b\x74\x5c\x1c\x77\x54\xb1\xe6\x7f\x9e\xe1\
\x78\x00\xe7\x86\x89\xff\x67\xd2\x10\xf4\xff\x8c\xf0\x3f\x3b\x83\
\x63\xd9\xfd\x6c\xc6\xbe\xbd\xfb\x60\xdf\x3e\x33\x48\xff\x65\xdd\
\x87\x2a\xac\xff\x29\x0a\x9a\x0c\xb0\x94\x03\x96\xfc\x4f\xb1\xe6\
\xbd\xa6\x1f\x48\x29\x35\xff\xcf\xb3\xb9\x05\xf7\xff\x1f\xe1\xff\
\x4d\x83\xff\xe2\xbe\xa9\xff\xe7\x21\x3b\xfd\x9c\xea\xbe\x16\x8b\
\xfe\x9b\x73\x5f\xfa\x2f\xeb\x3e\x95\xc5\xcf\x8e\x2a\xfe\xb3\x39\
\x7f\x0a\xcb\x80\xd3\x94\x03\x02\xd5\xfb\xd3\x96\xe7\x04\x45\xf2\
\x5f\x50\xe4\x5e\x5e\xef\xb9\x9e\xac\xb3\xb8\x3d\x6b\x26\x0b\x84\
\xff\xf9\xe2\x3a\x02\x79\x22\x07\x54\xfe\x81\xf4\xbc\xeb\x6c\xdd\
\x9f\xf9\xcf\xc6\xfe\xf3\x08\xcd\xf9\x29\x03\x38\x96\xc7\xff\x2c\
\x38\x73\xe6\x8c\xf4\x5f\x56\xa9\x96\x2d\xff\x4f\x27\xa7\x72\x92\
\xd2\x19\xc9\x82\xd4\xa4\x54\x46\x41\xfc\x67\xe0\xef\x6a\x39\x9d\
\x64\x3d\x03\xee\xab\xff\x59\x96\xfc\x47\xb7\xf3\xae\x42\x7a\xee\
\x75\xce\xc5\x7f\x0c\xe0\xfd\x8c\x8b\xd7\xf0\xf7\xf2\xd0\xf9\x3c\
\x74\xfd\x22\x64\xe3\xdf\x31\xf0\x39\xce\x21\x67\x33\x79\x16\x98\
\x1f\xfb\x8b\xee\xff\xae\x5d\xbb\xa4\xff\xb2\x8a\x54\x4f\x3e\xf9\
\x24\x98\xa3\xcc\x53\x9c\xd3\xa9\xa9\x8c\x64\x1c\xb3\x89\x54\x74\
\x92\x48\x4b\xc2\xed\xe9\x74\xe6\xb2\xad\x35\x41\xa3\x1c\x60\x59\
\x60\x9c\x07\xac\x27\xd0\x38\x9f\x62\xa3\x37\xd0\xe6\x43\x4a\x4a\
\x66\x91\x38\x9b\x75\xde\x94\x33\xc4\x05\xf4\xf8\x02\x5c\xb8\x78\
\x95\x73\xe1\xba\x11\xe7\x2f\x5c\x83\x9c\xf3\x57\x21\x3b\x2b\x8f\
\x91\x75\x26\x17\xb2\xb2\x2e\xb0\xbf\xd3\x3e\xd7\xe9\xc4\x24\xab\
\x58\xf2\xde\x04\xdd\xef\xed\xd9\xb3\x07\x7e\xf8\xe1\x07\x06\xe5\
\x80\x3e\x1b\xe8\xda\x2b\x3b\x76\xec\x80\xed\xdb\xb7\x5b\x3d\x07\
\xa8\x7e\xfd\xfa\x56\x29\xed\xf7\xa7\xac\x92\x2d\x5b\xfe\x27\xa5\
\xa5\x31\x94\x63\xf5\x69\xe8\x0c\x91\x4e\x5b\xf4\x2f\x39\xd9\xb6\
\xff\x66\xc1\xbf\x79\x60\xfd\xcf\xe2\xfe\x13\x17\x2f\xfc\xcd\x39\
\x7f\xcd\x88\x0b\x39\x57\x21\xe7\xdc\x5f\x70\xee\xec\x25\x38\x9b\
\x9d\xcf\x73\x20\x3b\x17\xce\x65\x21\xd9\x17\x54\x4a\xd2\xff\xdd\
\xbb\x77\x4b\xff\x65\x15\xa9\x6c\xf9\x9f\x9c\x9e\x2e\x40\xd7\xd3\
\x32\xd8\xf9\x7a\x29\xb4\x65\xe7\xed\xa4\x95\x9a\xff\x6a\x0e\xd8\
\x72\x5c\x39\xc7\xc8\x02\xb6\xfc\x3f\x7f\xfe\x32\x9c\xcf\x21\xfe\
\x32\x21\xe7\xdc\x15\x06\x65\x00\xe3\x5c\x3e\x27\x27\x57\xc5\xa2\
\xfb\xa7\x4f\x33\x6c\xf5\xff\x96\x7e\xbe\x77\xef\x5e\xe9\xbf\xac\
\x22\x97\x2d\xff\x53\xd1\x7d\x06\x3a\x4f\x19\xa0\x6c\xc9\x9d\xe4\
\xc7\xc5\xff\xf3\x85\xf4\x5f\x93\x01\xea\x77\xf9\x4a\xff\x65\x3d\
\x80\x65\xc9\x7f\x05\xd5\x7f\x01\xeb\x03\x34\xfe\x9f\x4e\x49\x86\
\xc4\xe4\x42\xba\x5f\x80\xe3\x03\xfa\x3c\xd0\x66\x42\x62\xca\x03\
\xea\xbf\x51\x0e\x14\xd6\xff\x3d\x02\x0b\x79\x20\xfd\x97\x55\x02\
\x65\xcb\xff\x74\x74\x5e\xe1\x71\xf4\x3f\x27\xe7\x12\xa3\x50\xfe\
\x6b\x7a\x01\xe9\xbf\xac\x07\xb9\x0a\xeb\x7f\xaa\x58\x0f\x48\x49\
\xc3\xde\x9f\x8e\x0d\x94\x94\xff\x66\xf2\xc0\xbc\xff\x67\x34\x58\
\xf1\xff\x1e\xd6\xff\xd8\x5a\x1e\x3a\xcc\x32\x40\xb8\xae\xc7\xac\
\xfb\x85\xf1\xdf\x46\x9f\x6f\xcd\x7f\xe5\x18\x80\x35\xff\xb7\xee\
\xd8\x0e\x5b\xb6\x6f\x53\x91\xfe\xcb\xd2\xd6\x83\xe0\xbf\xb9\xf3\
\x03\xd4\x75\x81\x52\xf6\xff\xec\xd9\x3c\x9e\x01\xc5\xed\x7f\xe2\
\x69\xc6\xbd\xfa\xaf\x64\x80\xf4\x5f\x96\xb5\xb2\xe5\xb7\x2d\x9e\
\x78\xe2\x09\x23\xca\x3c\x69\xcc\x95\x2b\x57\xac\x52\xe8\x1c\x10\
\xa8\xe7\x1d\xd1\xfa\xa2\xb9\xcf\x0b\x88\xcf\x07\xa4\x68\x60\x8f\
\xb1\x7c\x48\x63\x19\xa1\xc5\xe2\xf1\x43\xdd\x73\xe8\xb1\xe8\xb7\
\xb9\x35\x3f\x33\x9c\x4a\x4c\x61\x28\x39\x90\x6c\x44\x32\xdc\xb8\
\xf6\x0f\xe3\xba\x9e\xeb\xd7\x19\xfb\xf7\x1d\xe0\xec\xdf\x6f\xc2\
\x81\x03\x07\xe0\xc7\x1f\x7f\x84\x9f\x7e\xfa\x09\x7e\xfe\xf9\x67\
\x23\x8e\x08\xea\xd4\xab\x67\x96\x7a\x02\x3b\x3b\x3b\xab\xc8\x7c\
\x78\xb8\xeb\x61\xf0\xdf\x1c\x74\xce\xf1\xa3\xef\x7f\x8a\x65\xff\
\xaf\xd9\xf6\xff\xe0\xc1\x83\xd2\x7f\x59\x56\xab\xb8\xfd\xd7\x53\
\x72\xfe\x27\xb1\xb9\x05\x91\xa4\xbb\x5e\x40\x52\x72\xba\xc1\x7f\
\x8d\xc7\x56\xfd\xd7\x7c\xbe\x58\x8b\x39\xe7\xb5\x3f\x2f\x6e\xff\
\xf5\x39\x70\xfd\xea\x4d\xf3\x88\x1c\x28\xaa\xff\xb5\xd0\x71\x73\
\x28\x39\x20\xfd\x7f\xb4\xeb\xd1\xf4\x1f\x49\xca\x60\x98\xf3\xdf\
\xdc\xe7\x88\xa5\xff\xd2\xff\xc7\xb1\x1e\x56\xff\x4d\x8f\x0f\x18\
\xae\x1b\x92\xa8\x64\x00\xf6\x01\x46\x7d\xbc\x92\x03\x66\xbc\xd7\
\x7a\x7d\x1a\x49\xd6\x39\x9f\x66\xc6\xfd\xe2\xf4\xdf\x52\x0e\xdc\
\x2f\xff\x6b\xd8\x71\xf4\xfe\xd7\x45\xc7\xeb\x4a\xff\x1f\xd9\x7a\
\x64\xfd\x57\xae\x1d\xa6\xfa\x6f\x7b\x3e\xff\x58\xfb\x5f\x4f\xfa\
\xff\x38\xd6\x23\xe7\xbf\xd1\x35\xc4\x74\xe7\x0d\x24\xa7\x99\xae\
\xeb\xd9\x38\xa7\x38\x55\x47\x72\x32\xe6\x03\x92\x2c\x28\x90\xfb\
\x9a\xf3\xfd\x6d\xf9\xaf\xe7\x5e\xfd\xa7\xb5\xff\x43\x87\x0e\x15\
\x78\xfd\xcf\x52\xff\x7f\xcf\xfe\xdb\x35\x64\x94\xf6\xfb\x5b\x96\
\xf5\x7a\xa4\xfd\x4f\x2d\xd8\x79\x83\xd6\xfc\x57\x3e\xcf\xa8\x90\
\x92\x92\x85\xb9\x92\xc5\xb6\xc4\x83\xe0\xff\x81\x03\x87\xd8\x58\
\xaf\x85\xdc\x3f\x7c\xf8\x30\x1c\x39\x72\xa4\xd4\xfc\xb7\x93\xfe\
\x3f\xf2\x55\xda\xf9\x90\x9f\x9f\x6f\x42\xae\x20\xef\xd2\x25\xf6\
\x1c\x7f\xff\xfd\x37\x5c\xfd\xfb\x9a\x31\x7f\xfd\xc3\xb8\x76\xf5\
\xba\x09\x7f\x6b\x48\x15\x9f\x69\x4c\x4f\x3d\x83\x5b\x0d\xe2\xbb\
\x08\xae\xfe\x7d\xc7\x94\xab\xb7\x55\xcc\x7a\x7d\x2a\x4d\xbd\x7d\
\x15\x1d\x36\xe6\xa6\x11\xec\x7b\xd1\xfe\x30\xfd\x8e\x94\x3f\xff\
\x38\x06\x7f\xfc\xfe\x27\xfc\xfe\xfb\xef\xcc\x67\x1a\xe7\xcd\x51\
\xda\xfd\xf9\xb4\xc8\x70\x98\xb4\x2e\x1c\x26\x47\x46\xc2\x14\x64\
\xaa\x60\x5a\x64\x04\xcc\x8c\x88\xb0\xb9\xff\xe0\x21\x03\x81\x18\
\x20\xb6\xc1\x83\x07\x71\x06\x0d\x61\x94\xf4\xeb\x97\x65\xbd\x1e\
\x5a\xff\x05\xb6\xfc\x4f\xcb\x38\xc3\xc8\x48\xcb\x82\xb4\x74\x0d\
\x69\x67\x19\x0f\x82\xff\xbf\xfe\xfa\x2b\x1b\xe3\xcd\x51\xda\xfe\
\x93\xfb\x1f\xaf\x8f\x84\x71\xeb\xd6\x33\x26\x44\x72\x26\x21\xd3\
\x30\x07\x6c\xfd\x7d\x5f\x74\xbe\xaf\xe2\xbe\xf4\xff\x81\xab\x07\
\xd1\x7f\x85\x4b\x5a\xff\xaf\x5e\x35\x46\xf1\xff\x9a\x79\xfe\x16\
\xa4\x67\x66\x0a\xb2\x0c\x64\x64\xa9\xdf\x47\xa8\xba\x6e\xce\x7f\
\xf4\x97\x7b\x9e\xa4\x21\xc5\xe8\x31\xf3\xfe\x1b\x72\x40\xef\xbd\
\x25\xff\xf5\xfd\xbd\x42\xa9\xfb\x8f\x8e\x7f\xbc\x0e\xfd\x47\xdf\
\xc7\x45\x46\xc1\x84\x08\x42\xf8\x1f\x51\x00\xff\x87\xf6\x47\xff\
\xfb\x33\xf7\xfb\x4a\xff\x1f\xb8\x7a\x68\xfd\x17\xdc\xbb\xff\x67\
\x6d\xfb\x8f\xf3\x74\xa3\xf5\x7c\xab\xfe\xdf\x7c\x24\xfd\xa7\xbe\
\x9f\x8d\xfb\xcc\xfb\x18\x41\x14\x4c\x42\xa6\x61\x0e\xd8\xfa\xfb\
\x7e\x83\x07\x02\xa1\x7a\x2f\xfd\x7f\xa0\xea\x51\xf5\x5f\x21\x33\
\x33\x53\x45\xc9\x81\x54\x96\x01\xd9\x0c\xb3\xfe\x23\xd7\x19\xb7\
\xe1\xf4\xc9\x34\xf5\x7c\x1e\x43\x06\x24\x69\xfa\xff\x9b\x3a\x8c\
\xfb\x81\x87\xdd\x7f\x9a\xeb\xb3\x9e\x5f\xf8\x3f\x29\x3c\x86\xb9\
\xcf\xc7\xff\x75\x36\xf7\x3f\x00\x1d\xef\x3f\x68\xb0\xea\x3d\xdd\
\xd7\x52\xd2\xaf\x5f\x96\xf5\x92\xfe\xdf\x12\xfe\xdf\x36\xe3\xff\
\x1d\xee\x3f\x92\x4c\x58\xf3\x5f\xcc\x17\x1e\x35\xff\x69\x8e\x4f\
\x73\x80\x49\xd4\xf3\x8b\x71\x9f\xb3\x1e\x3e\x29\xa0\xff\xd6\x28\
\xe9\xd7\x2f\xcb\x7a\x3d\x7e\xfe\x6b\xe6\x02\xe4\xff\xb5\x1b\xc2\
\xdf\x9b\x46\xeb\x7e\x34\xf6\xf3\xf1\x5f\x9c\xcf\x2b\xfa\x00\xc2\
\xf2\xf8\x2f\xbc\xbf\x7e\x5d\xe5\xe1\xf7\x9f\xd6\xff\x23\xd9\x78\
\x6f\x4c\x24\x7c\x12\x69\x7b\xfd\x5f\xfa\xff\x60\xd7\xe3\xed\x7f\
\x96\xf1\x9a\xbd\xc6\xff\x6b\x7f\x73\xf8\x7a\x7f\x8a\x3a\x0f\x28\
\xac\xff\xc7\x8e\x9a\xae\xfd\x3f\x4c\xfe\xcf\x8c\x08\x07\xca\x80\
\x69\xec\x98\x9f\x20\x62\x3d\xe3\xd3\x02\xac\xff\xf5\x1f\x64\xda\
\xf3\x4b\xff\x1f\xa9\x02\x6b\xd8\xca\x87\x53\xa7\x4e\xdd\x77\x4e\
\x28\x9c\xc4\xfb\x27\x13\x39\x27\x92\xe0\x84\xe0\xd8\x49\xe4\x44\
\x32\x1c\x47\x14\xb7\xe9\x9c\x1d\xad\xe7\xca\x39\x3c\x27\x8e\x9f\
\xc6\xbf\x39\x65\xd8\x9e\x38\xa1\x72\xfc\xf8\x71\x38\x76\xec\x98\
\x55\x4a\xdb\xef\xa2\xd6\x74\xcc\x86\xa9\x8c\x48\x98\x8a\xf3\x01\
\x7e\x7e\x00\xde\x5f\xb7\x16\x66\x20\xa5\xfd\xfa\x64\x95\x78\x3d\
\xbc\xfe\x9f\xb2\xe6\x3f\xe7\x2f\xf4\xfd\x2f\x33\x6b\x7c\xa6\xfe\
\x27\x9a\xf5\xdf\x56\x06\x3c\xec\xfe\xf3\xf5\xc1\x75\xec\x98\xe0\
\x84\x88\x68\xbe\x4e\x48\xf7\xd7\xf1\x1c\x28\xed\xd7\x27\xab\xc4\
\xeb\xa1\xf3\xdf\x04\xd1\x07\x9c\x10\x1c\x3b\x85\x9c\xe4\xfc\x75\
\xfd\x1f\xc6\x55\x4d\x0e\x68\xf3\x80\x3b\x6f\xec\xfd\xe3\xe4\xbf\
\x72\x7c\x90\x9d\x1f\x10\x1e\x03\x13\xd6\x6e\x80\x09\xe1\xb1\x2c\
\x07\xa6\x16\x60\x7d\x50\xd6\x43\x5f\x0f\xbf\xff\xa7\x8c\xfd\x57\
\x33\x00\xf9\x0b\xc7\xf8\xbf\xaf\x49\xff\x2d\xd5\x64\x71\x5e\xd0\
\x38\x1c\xfb\xc7\x91\xf7\x61\x1b\x55\xa6\x86\x6d\x78\xe0\x5f\xbf\
\xac\x22\xd7\xa3\xe1\xbf\x7e\x7e\x20\x72\xe0\x1a\xba\x7f\x4d\x73\
\x3c\xcf\x30\x1f\xe0\xf7\x8f\xa1\xfb\xc7\x1e\x63\xff\xe9\x38\xe0\
\xc7\x38\xd6\x93\xfb\xe3\xd0\xf9\x71\x61\x9b\x18\x13\x10\xe9\xff\
\x63\x51\x8f\x9c\xff\x4a\x3f\x40\x68\xaf\xd9\x27\xfd\x37\x2d\x3a\
\x17\xe0\xe3\x88\x18\x18\x87\x7d\xbf\xe2\x3e\xf7\x5f\x8e\xff\x8f\
\x49\x3d\x9a\xfe\x0b\xf4\xfe\xb3\x0c\xb8\x6e\xb8\x7d\xec\xe4\x09\
\x86\xf4\x1f\xc7\xff\xb5\x71\xdc\x7f\xb6\x06\x10\x0d\x53\xc3\x6d\
\x9f\x1f\x2c\xeb\xa1\x2f\x8b\xee\x17\xe4\xfc\x00\x5b\xfe\x25\x26\
\x26\x5a\x45\xfa\x5f\xba\xc5\xfb\xff\x18\xde\xff\x6b\xfd\x8f\x88\
\x86\x29\xd2\xff\x07\xa1\xac\x8e\xcf\x05\xe0\x9e\x9f\x9f\xfc\xff\
\xf7\xbf\xff\x0d\xcf\x3c\xf3\x0c\x3c\xfb\xec\xb3\x66\xb1\x95\x0f\
\xca\xf7\xe8\x98\xe3\x7e\x64\x80\xde\x69\xc5\x77\x6b\xde\x6b\xb9\
\x0f\xff\xfe\xa5\x5a\x93\xd1\xff\x71\x6c\xfe\x1f\xc3\xfc\x9f\xa0\
\xb2\x01\xa6\xac\x8d\x81\x80\x81\xc3\xa1\xcf\xc0\x77\xa1\xef\xa0\
\x21\xd0\x57\xf9\xec\x8f\xb8\x1e\x00\x51\xda\xaf\xff\x31\xa8\x52\
\xf3\x9f\xce\x1f\x2c\xaa\xff\xd6\xce\x1d\x54\x32\x40\xfa\x5f\x7a\
\x35\x25\x62\x1d\x5f\xff\x0f\xe7\x6b\x00\x16\xfd\x1f\x38\x14\xfd\
\x1f\x2c\xfd\xbf\xff\x25\xfd\x2f\x46\xff\x0b\xcb\x7d\xf8\xf7\x2f\
\xd5\xa2\x6b\x02\xb1\x63\xff\xca\xf1\x3f\x72\x9f\xb6\x98\x07\x53\
\xc2\xa3\xa0\xc7\xc0\x11\x10\xc8\x32\x60\x18\xf4\x51\x7a\x00\xcd\
\xf5\x40\x4a\xfb\xf5\x3f\x06\x25\xfd\x97\xfe\x97\x58\x4d\xb6\xe4\
\x7f\x04\xf7\x3f\x60\xc0\x08\x74\x9f\xf7\x00\xd2\xff\x52\x29\xe9\
\xbf\xf4\xbf\xc4\x8a\xaf\xff\x47\xab\xf3\x7f\xb6\x0e\x18\x1e\x63\
\xf0\x5f\xed\xff\x0d\x6b\x00\x7d\xa5\xff\xf7\xb3\xa4\xff\xd2\xff\
\x12\xab\x49\xe1\xd1\xf0\xb1\xb2\xf6\xaf\xf8\x1f\x61\xf0\xbf\x17\
\xfa\xdf\x57\xfa\x5f\x9a\x25\xfd\x97\xfe\x97\x58\x4d\xc4\xb1\xfe\
\x63\x31\xf6\x7f\x1c\xce\xfd\x67\xfd\x40\x64\x14\xd0\xb1\x81\x1e\
\xc1\x43\xa1\x77\xf0\x10\x4e\xff\x81\xd0\x7b\x40\x7f\xe8\x3d\xb0\
\x1f\x04\x09\x4a\xfb\xf5\x3f\xfa\xf5\x24\x18\x78\x0a\x8c\xef\x5b\
\x43\xf9\x5d\x9b\x25\xfd\x2f\x80\xff\x96\xae\x9f\x60\xed\xdf\xaf\
\xcc\x43\xe1\x7f\xb4\xf0\x7f\x83\xb1\xff\x11\xdc\xff\xee\xfd\x86\
\x40\x60\xbf\xc1\x9c\xe0\x01\x10\xd8\x3f\x18\x02\x07\xf4\x85\x3e\
\xfd\x39\xa5\xfd\xfa\x1f\xf6\xb2\x76\x6d\x8e\x32\x4f\x3c\x05\x5f\
\x1e\x3a\x06\x33\x0e\x9d\x80\x99\x07\x4f\x32\x3e\x3b\x70\x12\xfe\
\x77\xf0\x04\x7c\x81\xdb\xaf\x0e\x9c\x80\x56\xa3\xa6\x41\xeb\xf7\
\xa7\x82\x3d\xd2\x76\xd4\x54\x68\x37\x72\x1a\xb8\x8d\x98\xce\xf0\
\x18\xf1\x89\x92\x01\x25\x36\x7e\x59\xca\x85\xe2\xa2\x59\xb3\x66\
\x56\x29\xe2\x7f\x9b\x55\x14\xbf\x69\x6b\xed\xda\x2a\x45\xf9\xf7\
\xeb\xd6\xb3\x07\x58\xc3\xd6\xdf\xdb\xaa\x01\x74\xcd\x3e\x01\x5d\
\xcb\x83\xf5\xf0\x83\x86\xb2\xe3\x79\xbd\x06\x0d\x03\x7e\xfc\x5f\
\x9c\xff\x43\xee\x87\x6f\x60\xf3\x01\xca\x04\xca\x06\xff\x20\xfc\
\xbd\xa0\xc1\xd0\x3b\x08\xc7\xfe\xbe\x38\xf6\xf7\xeb\x87\xbd\x40\
\x90\x4a\x51\x5f\xdf\xe3\x5e\xb6\xfc\x27\xf7\x27\x1c\x4e\x84\x09\
\x87\x4e\x33\x26\x1e\x3c\x0d\x93\x0f\x25\xc2\x54\xdc\x4e\x3b\x98\
\x08\x4d\xde\x9f\x01\x4d\x47\x4f\x87\x77\xde\x9f\x0e\x2d\x47\x4d\
\x07\x87\x91\x33\xa0\xed\x88\x4f\x91\x99\x2c\x03\xa4\xff\x45\xf3\
\x5f\x71\xff\xa9\xa7\x9e\x32\x41\xc9\x80\xa2\xfc\xfb\xdd\x5f\xff\
\x07\x43\x10\xba\xdf\x87\xc0\xf9\x7c\x00\x62\xea\x7f\x9c\xf0\x3f\
\x16\x68\x6e\xd0\x35\x70\x10\xf4\x08\x1c\x08\x01\xbd\xfb\x43\x40\
\x9f\x7e\x10\x10\xd4\x07\x02\xfa\xf6\x56\x29\xea\xeb\x7b\xdc\xab\
\x30\xfe\x8f\x43\xc6\x22\x1f\x1d\x26\x12\x61\x1c\xd2\x14\xbd\x6f\
\x86\x34\x17\xfe\xdb\xa3\xff\x6d\x46\x4e\x47\x66\x80\x0b\xf6\x02\
\xd2\xff\x87\xc3\x7f\x5f\x1d\xc5\xed\x3f\x9d\xb7\xd3\x0f\xfd\x67\
\xc7\xf1\xe9\x58\x1e\xf3\xff\x3d\xb6\xc6\xc7\xae\xfb\xa1\xf8\xbf\
\xd6\xd8\x7f\xdf\x5e\x03\xa1\x7b\xaf\xfe\xd0\xb3\x57\x30\xf4\x0c\
\x0c\x82\x9e\x7d\x7a\x23\xbd\xa0\x67\x10\xa7\xa8\xaf\xef\x71\x2f\
\xeb\xfe\x3f\x0d\x33\xb0\xe7\x57\xdc\x1f\x27\xdc\xff\x00\x19\xf3\
\x63\x22\xcb\x80\x77\x46\xcd\x80\x16\x48\x2b\x86\xf0\x7f\x94\xf4\
\xbf\x38\x78\xe4\xfc\x1f\x8c\x7d\x3c\xf6\xfc\x81\x83\xde\x65\xe7\
\xf4\xf4\x18\x34\x5c\xf8\x1f\xc5\xce\xf7\x61\x19\x40\x9f\x03\xa4\
\xf5\x00\xec\x09\x26\xe3\xcf\x7c\x02\x06\x80\x7f\x40\x30\xf4\x08\
\xe8\x07\x3d\x7a\xf5\xc1\x5e\xa0\x37\xf4\xe8\x1d\xa8\x52\xd4\xd7\
\xf7\xb8\x57\x41\xfd\x9f\x70\x30\x99\xf9\xff\xf1\x21\x3e\xf6\x53\
\x0e\xd0\xfd\xe6\xaa\xfb\x33\x98\xfb\xf6\x94\x01\xe4\x3f\xe2\x32\
\x6a\xaa\xf4\xff\x21\xf5\x5f\xc1\xd6\xdf\xdb\xaa\x82\xfa\x3f\x29\
\x3c\x46\xf3\xfd\x20\xd1\x6c\xee\xff\x09\xfe\xcc\x17\xdd\xf7\x47\
\xf7\xfd\x7b\x11\x41\xe0\x8f\xfe\x77\x47\x7a\x06\x06\x42\x40\xa0\
\xf4\xbf\xa8\x65\xd1\xfd\x27\x15\xff\x4f\x31\xf7\x19\x4a\x1f\x40\
\xbd\xbf\x58\x0b\x68\x39\x72\x26\xd8\x8f\x10\xa8\xfe\x4f\x43\xff\
\xa7\xa1\xff\x53\xa4\xff\xd2\xff\x82\xf9\x2f\x98\x2c\xb6\x53\x22\
\xd6\xc3\xf4\xf0\xf5\xd8\xff\x6b\xdc\xd7\xd0\xb3\x17\xce\xff\x7b\
\xc9\xf9\x7f\x51\xcb\xdc\x9c\xff\x09\x3a\x76\xf7\x04\x1d\xbf\xfb\
\x17\x4c\x3f\x70\x0a\xc6\x1f\x48\xe2\x1c\x4c\x84\xb1\xc4\xa1\x53\
\x8c\x09\x88\xa9\xff\xd3\xc0\x7e\xf4\x14\x64\x12\x38\x8f\x19\xcf\
\x9e\xc3\x70\x4c\x50\xfa\x5f\x18\xac\xb9\xff\xb0\xad\xff\x59\xf4\
\x3f\x42\x7c\x1f\xa8\xea\x3d\xe7\x13\xba\x3e\xb8\x15\xff\xd9\x3c\
\x20\x50\xfa\x5f\xd4\x32\xe7\xbf\x81\x7f\xc1\x67\x7b\x8f\xc1\xd4\
\x7d\x27\x90\xe3\x30\x75\xff\x71\x98\x8c\x4c\x39\x70\x94\x31\x6d\
\xff\x51\x70\x1c\x39\x1d\x9c\x47\x08\x70\xbe\xef\x8c\x3d\xbf\xf3\
\xfb\xdc\xfd\xf6\x63\xc6\xe2\xff\x3f\xff\xc6\x3c\x79\x9a\x65\x4a\
\x49\x1c\xbf\x96\xfe\x3f\xc4\xfe\x23\xd3\xd0\xf1\x29\xec\xbb\x80\
\x38\x34\xe6\x13\x33\x22\x22\xe1\xb3\xf0\x48\xf0\x0e\xec\x07\x5d\
\xd1\xff\xae\x81\x41\x46\xf8\xa1\xfb\x7e\xd2\xff\x82\x94\xd5\xf7\
\xc7\xce\x9d\x3b\x39\xdf\xef\x82\xef\x04\xdb\x76\x72\x36\x23\x31\
\xbb\xf7\x43\xd4\x9e\x03\x08\x6e\xf7\xee\x87\x18\xdc\x6e\xd0\xb2\
\x73\x37\xc4\xe9\xd8\x28\xd8\xbc\xf3\x07\xdc\xc7\xd3\x50\x46\xf4\
\x13\x16\xfc\x97\x65\xa5\xaa\x56\xad\x0a\x45\xa1\xa8\xfb\x57\x72\
\xc0\x5f\x93\x09\xda\xf5\xc1\x9d\x7b\xf7\x30\x7e\x10\xec\xd9\x63\
\x8c\xea\x3f\x3b\x77\x77\x08\x3b\xf6\x17\xc8\x78\x17\x7a\x21\x0d\
\x5a\xb4\x11\x38\x1a\xd3\xdc\x11\xec\xf0\xf1\x29\xdf\x2c\x85\x49\
\x4b\xcd\x33\x15\x7f\xd6\xb8\x65\x2b\x78\x0b\x79\xa7\x65\x4b\x46\
\x73\x1d\x07\x7f\x3c\x6c\x95\x73\xe7\xce\x59\xa5\x38\xfe\x3f\x2c\
\xe5\x2a\x94\xff\x3b\x90\xad\x3b\x39\x09\x8c\xdd\x8c\xcd\xbb\x7e\
\x60\x24\x98\xb0\xcb\x04\xe5\xef\xb7\x23\x65\x9e\x7c\x5a\xc5\xdc\
\x39\x2c\xa5\xf8\xef\xf2\x50\xd4\x23\xe9\xff\x60\xee\x3f\xd1\x04\
\x1d\xb7\x44\x43\x84\x3c\x1f\xbf\xcc\x3c\xf4\x33\xe9\xbf\xcd\xb2\
\xea\xff\x77\xe8\x3e\x03\xbd\xdf\xfe\x3d\x77\x96\xb9\xfb\xfd\x6e\
\xd8\x8a\x28\xbd\xc0\xb6\x9d\xba\x5c\x30\xe3\xbd\x45\xff\x9f\x7a\
\x92\x21\xfd\x2f\x7c\x3d\x28\xfe\x6b\xdd\xf7\xd1\xac\x0f\x7e\xb7\
\x6f\x0f\x7c\xaf\xf1\x5f\x8f\x89\xff\x48\x20\x83\xe7\x40\x93\x96\
\xad\x05\xf6\x1c\xe1\x7e\x23\xd1\x17\x4c\xc6\x31\x7e\x22\x65\x80\
\x99\x1c\x20\xff\x1b\xb6\x6a\x85\x7f\xc7\x33\x80\xe7\x00\xa7\x79\
\x0b\xce\xc1\xc3\x47\xac\x22\xfd\xd7\xf8\xbf\xd3\xd8\x7f\xe2\x3b\
\xcd\xbc\x40\xfb\x73\x35\x0b\xac\xb8\xcf\xfc\xb7\xe2\xbe\xf4\xdf\
\x76\x3d\x88\xfe\x6b\xd1\x8f\xff\xb6\xfc\x57\x32\x80\x3e\xcb\x4f\
\x90\xbb\x5a\x1a\x63\x06\x34\x14\xd4\x47\xa8\xc7\x9f\xbc\x94\x67\
\x80\x16\x72\x9f\xe6\x06\x0d\xd0\xff\x46\x2d\x0d\x19\x20\xfd\x37\
\xa9\x02\xf9\xbf\x7d\x17\x47\xef\xaf\x82\xb5\x0c\x30\xc7\x0e\xf1\
\xfb\xd2\xff\xa2\xd5\x83\xe4\xbf\xaf\x95\xfe\xdf\x52\x0e\x04\x2b\
\xd7\xec\x13\x28\x19\x40\xd7\xf2\x22\xb4\xee\x37\x42\x97\xc9\x67\
\x3b\xa4\x5e\x2b\x7b\xa8\x8d\x4c\xfb\x86\xcf\xf3\x27\x8b\x1c\x98\
\x2c\xee\x4f\x5f\xb2\x14\x66\x22\xf4\xbb\xda\x1e\x40\xeb\xbe\xf4\
\x9f\x55\xb1\xfa\x6f\x2b\x07\xf4\xbf\x6f\xeb\xfb\x81\x4b\xf1\xdf\
\xe5\xa1\xa8\x07\xd1\x7f\x65\x3d\xc0\xff\x1e\xfc\xa7\x3e\x20\x58\
\xf9\x1c\x3f\x42\xce\x36\x6d\xc9\xc7\x70\xc5\xfd\x3a\xad\x5b\x41\
\x5d\xf2\xbf\xb5\x3d\xcc\x40\xd7\x29\x03\x3e\x11\xde\xd3\xed\x19\
\xc2\xfd\xcf\x16\x2f\x85\xfa\xd2\x7f\x5b\x55\x28\xff\xf5\xe8\xbd\
\xd7\xfb\x6f\x2b\x27\xa4\xff\x45\xab\x07\xc9\xff\x6e\x05\xf0\x5f\
\x8f\x89\xff\x6a\x1f\x20\xfc\x6f\xd5\x12\x9a\x22\x0d\x95\x71\x1f\
\xdd\xaf\x4d\xfe\x8b\xed\x8c\x6f\x96\xc0\xb4\xa5\x9c\xa9\x08\xdd\
\x9f\x89\x7c\xb6\x64\x09\x7c\x8e\xd0\xdf\x35\x16\xfd\xc3\xdb\xd2\
\x7f\x73\x75\xef\xfe\xef\xb4\xec\xff\x0e\xcd\x7a\xa1\xf4\xbf\xe4\
\xea\x51\xf7\xbf\x09\xba\xdf\x18\x21\xf7\xc9\x79\x1a\xfb\x6b\x09\
\xf7\x6b\x6a\xfc\x27\xf7\x3f\x59\x2a\xdc\xff\x86\xbb\xff\x25\xd2\
\xd8\xca\xdc\xbf\x40\xfe\x9f\x7d\xe4\xfd\x2f\xd5\x7a\xdc\xfd\xb7\
\xf6\xf9\x8a\x02\x9e\xff\x54\x54\x4a\xb4\xbc\xba\xf9\x80\x11\x5d\
\xbb\x72\x7c\xbb\x31\x2c\x66\xc3\x9e\x7d\xb0\x03\xf1\x19\x3a\x04\
\xba\x20\x5d\x87\x0c\x85\x6e\xb8\x65\x0c\x1b\x04\xbe\xb8\x25\x46\
\x7c\x36\x93\x31\x5c\x6c\x3f\xf8\xef\x4c\xf8\x48\xf0\xf1\xcc\x99\
\x90\x7c\xee\x2c\xa4\x09\x32\xcf\x9e\x85\x2c\x1d\x87\x0f\x1f\x16\
\x1c\xe1\x1c\xfa\xd9\x88\x73\x67\x73\x38\xd2\xff\x12\x29\xe9\xbf\
\xf4\xdf\xa2\xff\x7b\xf7\x41\x97\x61\x43\xa0\x33\xe2\x33\x74\xa8\
\xea\xbc\xaf\xc6\xff\x51\xe8\x3c\xf1\x3e\xfa\x3e\x5a\x38\x3f\x56\
\x30\x0e\x49\xd5\xb8\x2f\xfd\x7f\xf0\x4a\xfa\xff\x38\xfa\x6f\xc8\
\x01\x5b\xe3\xbf\x37\x8e\xfb\x9d\xd1\x7d\xef\x21\xef\x82\xb7\x9a\
\x01\x83\x58\x0f\x40\x8c\xfe\xec\x53\x18\x83\x7c\xf8\x5f\xce\xc7\
\xc8\x58\x64\xe2\xcc\x4f\x61\x12\x62\xcd\x7d\xb3\xfe\xeb\x90\xfe\
\x97\x6c\x49\xff\x1f\x71\xff\x95\xf1\x9e\x50\xfc\xef\x66\xdb\xff\
\xef\xc5\xf8\xef\x8b\xfe\x77\x11\xfe\xb3\x2d\x63\x08\x9b\x17\x74\
\x45\x3e\x12\xce\x2b\xde\x4f\x98\xc9\xdd\x9f\x8c\x4c\x41\xac\xb9\
\x2f\xfd\x2f\xfd\x92\xfe\x3f\x46\xfe\x2b\xee\x6b\x30\xe7\x3e\x9d\
\x33\xb8\x1d\xdd\xdf\x82\x74\x43\xff\x69\xee\xef\x3b\xf8\x5d\x96\
\x01\x5e\xe8\x3f\x67\x08\xcb\x01\xea\xf3\xc7\x13\x9a\x31\x7f\x92\
\x70\xbf\x70\xfe\x9b\xcf\x81\xc7\x60\xfd\xbf\x54\x4b\xfa\xaf\xb9\
\x9e\x82\x8e\x47\xc2\x7f\x31\xcf\x67\x14\xd6\xff\x7d\xfb\xa0\xfb\
\xe0\xa1\x0c\x3f\xf4\x5f\xcd\x00\x91\x03\xd4\x0b\x8c\xff\x74\x26\
\x4c\x22\x34\xee\x4b\xff\x1f\x9e\x7a\xdc\xfd\x2f\xc3\x3e\x53\x6d\
\xde\x7f\xc6\x23\xe6\xbf\x67\x37\xc2\x47\x85\x5c\x27\xf4\xfe\x6f\
\x43\xff\x13\xd0\xff\x9e\x43\x86\x40\x8f\xc1\x43\xc0\x1f\x33\x80\
\x7a\x01\x9a\x0f\xd0\x5a\xa0\x8f\x58\xff\x2b\x7e\xff\x8d\x91\xfe\
\x97\x6c\x3d\xf6\xfe\x5b\xf2\x5e\xfa\xcf\xc6\xff\x00\xf4\x3f\x80\
\x65\xc0\x50\xf0\x1f\xc2\x33\x80\xf0\x43\xf7\xbb\x0f\x31\xee\xff\
\xa5\xff\x0f\x5e\x3d\xf6\x7e\xdb\xa8\x97\x5f\xab\x08\xc4\x2b\x3a\
\xca\x0a\xca\x3c\x51\xe2\x7e\x17\xe9\xef\xb7\x6c\xd9\x02\x0a\x9b\
\x91\x4d\x5b\x8d\x19\x39\xe6\x43\x95\xe1\xc4\x07\x63\xe0\xdd\x0f\
\xc7\xb0\x2d\xe1\xe8\xd6\xde\x2c\x6d\x04\xff\xdf\xde\xb9\xff\x36\
\x55\x86\x71\x7c\x41\x10\x10\x41\xc4\x65\x6c\x1d\x37\x63\x4c\x80\
\xb9\x6c\xeb\xda\xc2\x36\xd6\x75\xf7\xc1\x40\xe3\x0f\x30\x04\xe4\
\x32\x2e\x02\x5b\x3b\xee\x63\xcc\x21\x21\x48\x48\x88\x7f\x87\x31\
\x06\x08\x31\x31\x8a\xe1\xea\x40\x58\x44\xb9\x9b\x18\x15\x19\x73\
\xf8\x57\xf8\xf8\x9c\xf7\x72\xfa\xf6\xed\x39\xa7\x83\x6d\x9c\xb6\
\xe7\xf9\x26\x9f\x9c\xf5\x3c\x6d\xd8\x79\xe9\xe7\x79\xdf\xd3\xd3\
\xb5\xad\x6b\xda\x60\x79\x5b\x1b\x34\x23\x8d\x1a\x4d\xc8\x61\xf4\
\x5e\x77\x5f\xf5\x7f\x08\x1d\x35\x18\xb6\xe1\xb9\xfe\xb3\x28\xcf\
\x1d\xf2\xdf\x39\x33\x0a\x66\xc3\x74\xc4\xd8\xbe\x21\x11\x3d\x60\
\x96\x87\xfd\x97\x3d\x60\x25\xfa\xaf\xf6\x00\x95\x16\xe4\xc8\xe7\
\xc9\xee\x93\xff\xe9\x13\xf2\xdf\x39\x86\xfb\xd3\x7c\x08\x6e\x5f\
\x17\x4c\x57\xfa\x00\xf3\x7f\x74\x3d\x20\x55\xc6\xdc\xff\xf3\x0a\
\xa6\xf7\x82\xdd\xfb\x0f\xc0\xae\xfd\x7c\x6b\x50\x85\x8e\x57\x59\
\xb8\x2f\xf7\xaf\x6a\x5b\x0d\xad\xc8\x0a\x1b\x7a\xc9\xff\xb4\x0e\
\xf9\xef\x9c\xe9\xf9\x05\xe8\x7e\x01\x4c\x95\x88\x5e\x20\x7b\x40\
\xa6\xf9\xaf\xaf\x01\xac\xfc\x57\xb1\x9b\xfb\xa5\xff\x1f\xac\x59\
\x0d\xef\x23\x46\x1f\xb0\xc2\xca\x7d\xf2\x3f\x7d\x42\xfe\x3b\xc7\
\x70\x7f\x1a\xf6\x80\xa9\xf9\x3e\x98\x8c\x3f\x4f\x56\x7a\xc0\x8c\
\x0c\xf3\xdf\x5c\x03\x28\xeb\x00\xdd\xfd\x4e\xad\x1f\x38\xad\xff\
\xab\x85\xff\x4e\x90\xff\xe9\x1d\xf2\xdf\x39\xd3\xd0\xfb\xd7\x90\
\xa9\xf9\x73\xd0\x7d\xec\x01\x3e\xe1\xbf\x8f\xaf\x01\x32\xcd\x7f\
\x7d\x1d\x60\xe5\xbf\xfa\x9a\x40\x2a\xff\x3f\x44\xc7\xad\x90\xfe\
\x4b\xcf\xc9\xff\xf4\x0c\xf9\xef\x1c\x36\xef\x33\xe6\xc0\x24\xf4\
\x7f\x12\xfa\x3f\x45\xf5\x7f\x42\xce\x68\x7b\x40\xaa\x8c\xab\xff\
\xfa\xfa\x9f\xfc\xf7\x56\xc8\x7f\xe7\x4c\xcc\x9f\x0b\xaf\x14\x20\
\xf9\xf3\x60\x02\x6e\x27\xf8\x0a\x61\xa2\xcf\xe8\x03\x3e\x78\x15\
\xfb\x01\xf3\x5f\xed\x01\xcf\xdf\x0b\x52\x85\xfc\xa7\x50\xc6\x29\
\xf9\x05\x85\xc0\x40\xcf\xf3\xd0\xef\x5c\x64\x96\x8f\x33\xd5\x37\
\x1f\x8e\xdf\x7b\x0a\x3d\xf7\xfe\x61\x74\x3f\x78\xca\xe8\x7d\x30\
\x88\xfb\x07\xe1\x8b\xbb\x8f\xe1\xa3\x68\x0c\xb6\x44\x3b\x60\x5b\
\x67\x07\x6c\x47\x3e\x11\xec\x12\xb8\x7d\x7c\xa9\xe2\x0f\x85\xc0\
\xa0\x34\xb4\x84\xe1\x0f\x56\x24\xb0\xbf\xfb\x30\xe7\x70\xb7\x25\
\x8d\x2b\x96\x5b\x52\xdf\xca\x29\x0e\x94\x33\x8a\x82\x89\xc8\xfd\
\x6e\x1f\x3f\xc5\xdb\x71\xf6\x7f\x01\x1c\x41\xef\xbb\xee\xff\xcb\
\x88\x3e\x1c\x86\xd8\x83\x61\xd8\xf7\x60\x08\x0e\xdf\x1f\x82\x93\
\x77\x07\x61\xad\xf0\x7f\xab\xd2\x03\x0c\x76\x92\xff\xe4\x3f\x25\
\xed\x93\x87\xeb\x79\x86\x74\x1f\xd7\xf9\x33\x0b\x38\x53\xd0\xff\
\x9e\xfb\x83\xd0\x85\xce\x1b\xa8\xfe\x1f\x42\xff\x4f\xe0\x1a\x60\
\x0d\xfa\xbf\x59\xf8\x2f\xe7\x7f\x75\x1d\xe0\xf6\xf1\xa5\x4a\x00\
\xdd\x0f\xb0\x1e\xb0\xc4\x92\x54\xfe\x4b\xcf\x25\x23\xf2\x3f\x40\
\xfe\x53\xd2\x23\x49\xfe\x0b\xf7\x67\xe6\xcf\x87\x29\x05\x6f\xc3\
\xa1\x87\x4f\xa0\xf3\xd1\x10\x44\x91\x0e\xd3\xff\x61\xf4\x7f\x98\
\x9d\x1b\x98\xfe\x2b\xde\xef\x20\xff\x6d\xfd\x97\xb7\x4b\x04\x6e\
\x1f\x3f\xc5\xdb\x49\xf6\x7f\x2e\xba\xbf\x00\x66\xe6\xbd\x03\x53\
\x66\xbf\x0b\x07\xd0\xff\xdd\xbf\x3d\x85\x8e\x47\xc8\x43\xe3\x5c\
\xe0\x99\xe9\xff\x31\xf4\x7f\xb5\x58\xff\xab\x6b\xfe\x9d\x19\x74\
\xfe\x1f\xf7\x5f\xa2\xf9\x6f\xe3\xfd\x5e\x81\xee\xbf\x4e\xb1\x32\
\xd7\xab\x90\xff\x94\x74\x48\x2a\xff\x0f\x3d\x7c\x8c\xee\x3f\xc1\
\xb5\xff\x20\xce\xfd\x43\xb0\xe7\xde\x30\xec\xbf\xf7\x0c\x0e\xde\
\x7d\x06\x9f\xdd\xe5\xfe\xb7\x47\xb9\xf3\xbb\x3b\x3a\xa0\x43\xc3\
\xed\xe3\x4b\x95\x97\xed\xbf\xf4\xbe\x4c\xe0\xf6\xf1\x53\xbc\x9d\
\x3c\x9f\x0f\x38\x85\x90\x8b\xbc\x85\xcc\xf4\xcd\xc1\x73\x80\xb9\
\xfc\xfc\xff\xce\x5f\xb0\xe7\xce\xdf\xc8\x20\xec\xf9\x75\x10\xf6\
\x22\xfb\x18\x43\xd0\xfb\xcb\x93\xb8\xff\xe8\x7a\x27\x12\xcd\x78\
\xff\x13\x19\xad\xff\x25\x8a\xf3\x25\xe4\x3f\x25\xcd\xa2\xfb\x6f\
\xf0\x26\xeb\x01\x86\xff\xf3\xe1\xc4\xed\xdf\xe1\xd3\xdb\x7f\x42\
\xaf\xa0\xc7\xe4\x31\x1c\xff\xf9\x0f\x76\xfd\xcf\x38\xf7\xdf\x45\
\xfe\x93\xff\x94\xb4\x4b\xdc\x6f\x6b\x2e\x5d\xef\x4f\xa4\xff\x3a\
\xe3\x22\x72\x01\xf9\xf6\xe6\x2d\xf8\xe6\xe6\x00\x9c\xbf\x35\x00\
\xe7\x90\x33\x03\x03\xf0\xb5\xe0\xec\xc0\xad\xac\x7f\xfe\x36\xb5\
\xb6\x82\x13\x5f\x9e\x3b\x93\xc0\x57\x67\x13\x71\xfb\xf7\xa7\x78\
\x3b\x2f\xe2\xff\x15\xc1\x65\x03\xb1\xff\x22\xf2\xc3\x8d\x7e\xf8\
\x1e\xf9\xee\xa7\x7e\xb8\x70\x83\xdf\x76\xfb\xf8\xc6\x3b\xe4\x3f\
\x25\x93\x93\x8b\x8e\xe7\x16\xc6\x91\xde\xcb\xdb\xba\xff\x57\xfa\
\x39\xd7\x14\xae\x0a\x8c\xfd\x97\xfa\x79\x2f\x30\xb6\x97\xfb\xb3\
\xdf\xff\x86\x95\xad\xa0\xa2\xfb\xaf\xfb\x4e\xfe\x53\xd2\x29\xf2\
\xf5\x7d\x79\x6e\xaf\xfb\x2f\x7d\xd7\xf9\x51\x20\xbf\x07\xf7\xea\
\x35\xbe\xbd\x2c\x3e\x03\xef\xb2\xd8\xef\xf6\xf1\x8d\x77\xc8\x7f\
\x4a\x26\x87\x5f\xdb\x2b\x64\xd7\xf6\x72\x0b\xc4\xb5\x3e\x65\xfd\
\xaf\x7b\x9f\x34\xe7\x0b\xcf\xed\xbe\x27\xdb\xed\xe3\x1b\xef\xe8\
\xfe\xeb\x7d\x80\xfc\xa7\xa4\x73\x8c\xeb\xfa\xec\xda\x7e\xfe\x3c\
\xd6\x03\x74\xff\xaf\x69\x6b\x7d\x89\xec\x07\xe6\xf7\xdd\x88\xcf\
\xbd\x35\xb8\xa8\xf4\x01\xb7\x8f\x6f\xbc\x43\xfe\x53\x32\x39\xfc\
\x6f\x7b\xf8\xfb\x7b\xf2\x2c\xe6\xff\x54\xfe\x7b\x7d\xfe\xaf\x43\
\xd7\x0d\x6a\x05\xf2\xb6\xec\x03\x76\xaf\xfb\x91\xff\x94\x74\x88\
\xfc\xfb\xbe\x3c\x73\xee\x1f\x99\xff\xb4\xfe\xe7\x91\xbe\x47\x04\
\xe4\x3f\x85\xf2\xf2\xb2\xa9\xeb\x24\x6c\xe8\x3a\x05\xeb\x91\x75\
\x82\x4d\xb1\x53\xb0\xab\xf3\x14\x74\x46\x4f\x42\xa8\x3a\x02\xa1\
\x9a\x70\x02\x4b\x22\x35\x50\x51\x17\x81\xaa\x86\x7a\x58\xd6\xd8\
\x00\x35\x4d\x8d\x50\xb7\x7c\x45\x22\xcd\xad\x50\x8f\x14\x97\x95\
\x33\x4a\x4a\xf9\xb6\xd8\x5f\x06\x45\xe5\x25\x50\xc4\xb6\x7e\x58\
\x1c\x2c\x87\xc5\xa1\x00\x12\x8a\x13\x0c\xc1\x7b\x82\x50\x75\xd8\
\x92\x8a\xea\x6a\x86\xdb\xe3\x47\xa1\x64\x72\x0c\xf7\xd7\x76\x9d\
\x66\xac\x41\xda\x90\x0d\xd1\xd3\xb0\xa3\xe3\x34\xeb\x01\xc1\xea\
\x5a\x4b\xff\x97\xa2\xff\x95\xe8\x7f\x25\xfa\x5f\x8d\xfe\x47\xd0\
\xf9\x88\xea\x7f\x4b\x2b\x43\xfa\x6f\xa2\xf9\xbf\xc8\xca\xff\x50\
\xdc\xff\x20\xf9\x4f\xa1\x8c\x5b\xac\xfc\x5f\x1f\x3b\x0d\xed\x9d\
\xd8\x03\xa2\xa7\xc0\x1f\xae\x85\x40\x24\x9c\x40\xb0\xb6\x06\x42\
\xe8\xff\x52\xc3\xff\xa6\x06\xa8\x6a\x8e\xfb\x1f\x41\xe7\x23\x8a\
\xff\x45\xa5\x01\x46\xb1\xb1\x45\xff\x99\xf7\xfe\x12\x58\x84\xdb\
\xc5\x81\xb8\xff\x0b\xd1\x79\x15\xd9\x07\xfc\xe8\x7a\x39\x12\x10\
\x90\xff\x14\xca\xd8\x45\xf5\x9f\x11\xe3\xfe\x6f\xc6\x35\xc0\x36\
\xf4\xbf\x4c\xf3\x5f\xce\xff\xa6\xff\x8d\x8d\xb0\xac\xa9\xc9\xf4\
\xde\xce\xff\x22\xe9\xbf\xe8\x01\xa6\xff\x81\x20\xf3\xdc\xd6\xff\
\x70\x98\x41\xfe\x53\x28\x63\x1f\xe9\xff\xba\x18\x77\xdf\xd8\x6e\
\x44\xf7\xb7\x28\xfe\xfb\xd1\x7b\x83\x80\xba\xfe\xaf\xad\x83\xca\
\xfa\x06\xf6\x19\x9d\x35\x8d\xcd\xdc\x7b\xc3\x79\xed\x75\x80\x04\
\xff\x95\x1e\xb0\xc8\x8f\xf3\x7e\x79\xc0\xd6\x7f\x89\xee\xbf\xde\
\x07\xdc\x1e\x3f\x0a\x25\x93\xa3\xfa\x6f\xb0\x01\xd9\x84\xee\xb7\
\x5b\xcc\xff\x86\xfb\x4b\x91\x0a\xf4\xbf\x12\xfd\x5f\x86\xfe\x87\
\xeb\x9b\xa1\xa6\xa1\x05\xea\x9a\x57\xf1\x39\x3f\x95\xff\x82\x45\
\x65\x78\xce\xef\x0f\x8e\xd8\xff\x72\xf2\x9f\x42\x19\xf3\x38\xf9\
\xbf\x5d\x3d\xff\x17\x73\x7f\x05\xba\x58\x85\xfe\x2f\x8b\xd4\x41\
\xb8\xae\x01\x22\x38\xff\xd7\xe2\xfc\xcf\xd7\xfb\xd2\xfb\x96\xb8\
\xff\x72\xcd\xaf\xf9\xbf\x10\xfd\x5f\x38\x02\xff\x4b\xf1\xdf\x93\
\x94\x89\x5e\xe0\x57\xfa\x80\xdb\xe3\x47\xa1\x64\x72\xe4\xf5\xbf\
\x8f\x63\x1c\xe3\xda\xdf\x16\xc4\x98\xfb\x77\xc4\x4e\x42\x79\x38\
\x7e\xfd\xcf\x98\xfb\x2b\x2d\xfd\x6f\xd2\xe6\x7e\x67\xff\x17\xbf\
\xa0\xff\xa5\xd2\xff\x30\xf9\x4f\xa1\x64\x42\xba\x8f\xf6\x41\x77\
\x5f\x1f\x1c\xec\x3b\x2a\x38\x96\x40\x7b\xb4\x8b\xb1\x39\x16\xb3\
\x64\xa3\x40\xdd\xd7\x1e\xe5\x6c\x43\x6a\x5a\x96\x33\x6a\x9b\x39\
\xf5\x2d\xcd\x09\xc4\xdf\x93\xa5\xc3\xdf\x9f\xe5\xf6\xf8\x50\x28\
\xd9\x1c\xe6\xff\x51\xf2\x9f\x42\xf1\x62\x92\xfd\xe7\xec\x43\xf7\
\xf7\x31\xff\xb9\xcb\xa9\xfc\xdf\xa8\xf7\x02\xf1\xb8\x6a\xe1\xbf\
\xda\x03\x54\xc8\x7f\x0a\xc5\xbd\x8c\xd6\x7f\x4b\xa2\xf1\x35\x80\
\x93\xfb\xe4\x3f\x85\xe2\x6e\x4c\xff\x25\xd2\xff\xa3\x1c\xd3\xff\
\xa8\xf5\x1a\x5f\xf7\x5d\x5d\xfb\x5b\xad\xff\x47\xee\x3f\xc7\xed\
\xf1\xa1\x50\xb2\x39\x3d\x7d\xfc\xf5\xbf\x6e\xdd\x7f\xd1\x03\xa4\
\xc7\xfa\x3a\xc0\xce\x77\x1d\x3b\xef\xc9\x7f\x0a\xc5\xfd\xf4\xa2\
\xfb\x3d\x02\xb9\x16\x50\xd7\x03\xaa\xcb\x5b\x95\x75\xc0\xf3\xfa\
\x5f\x6f\x83\xf9\xfd\xab\x36\xb8\x3d\x3e\x14\x4a\x36\x27\xc1\x7f\
\xa5\x07\x1c\x12\xec\x40\x87\x25\xdb\xd9\x77\x9d\x71\x52\x79\x4f\
\xfe\x53\x28\x14\x0a\x85\x42\xa1\x50\x28\x14\x0a\x85\x42\xa1\x50\
\x28\x14\x0a\x85\x42\xa1\x50\x28\x14\x0a\x85\x42\x19\xab\x00\xc5\
\x8c\x31\x1c\x4e\x43\xe2\x95\xba\xdd\x93\x23\xab\xeb\x49\x62\x68\
\x0f\xcf\xf6\x7a\xf2\x1d\x92\x47\x2f\xab\xeb\x90\xa2\x9c\xee\xf5\
\xff\xc6\xb6\x9e\x74\x87\x4c\xaf\xeb\x4f\x00\xe7\x72\xd2\xa3\xb3\
\xbd\xae\x8d\x4e\xda\xe9\x39\xde\x75\xb7\xc7\xdf\xed\xfa\x68\xc7\
\x2f\xc3\xeb\x69\xfe\xeb\xbd\xec\xa7\xbf\xe7\xea\xfa\xf8\xa4\x7a\
\x7e\x50\x9d\xea\x54\xa7\x3a\xd5\xb3\xa2\x9e\x54\x4e\x71\xf6\x9c\
\x6d\x75\x8b\xe5\x61\x0e\xe4\x78\xa9\x9e\x70\x0f\x7e\xdb\x7e\x84\
\xb2\xaf\x9e\x93\x93\x5c\xcf\xf1\x4e\x9d\xef\x8d\xd7\x73\xd8\x2e\
\xcf\xd4\xe3\x83\x22\x07\x26\x61\xa4\xb2\xbe\xce\xf6\x2a\x63\x01\
\xe6\x1d\x3c\x53\x37\x7f\xca\x61\x4f\x0f\xfd\xd1\x59\x5f\x57\xcb\
\x62\x6b\x55\xce\xf6\x7a\x7c\xaf\xf3\xc3\xb3\xb5\x6e\xde\xcb\x66\
\xf8\xbc\x51\x97\x77\xf1\x70\xdd\x23\xf9\x1f\xf7\xd7\x06\x03\
"

qt_resource_name = b"\
\x00\x03\
\x00\x00\x4c\x99\
\x00\x47\
\x00\x55\x00\x49\
\x00\x0e\
\x07\x04\x9f\x87\
\x00\x62\
\x00\x61\x00\x63\x00\x6b\x00\x67\x00\x72\x00\x6f\x00\x75\x00\x6e\x00\x64\x00\x2e\x00\x70\x00\x6e\x00\x67\
\x00\x09\
\x0b\xbc\xb4\xff\
\x00\x77\
\x00\x65\x00\x65\x00\x64\x00\x79\x00\x2e\x00\x69\x00\x63\x00\x6f\
"

qt_resource_struct_v1 = b"\
\x00\x00\x00\x00\x00\x02\x00\x00\x00\x01\x00\x00\x00\x01\
\x00\x00\x00\x00\x00\x02\x00\x00\x00\x02\x00\x00\x00\x02\
\x00\x00\x00\x0c\x00\x01\x00\x00\x00\x01\x00\x00\x00\x00\
\x00\x00\x00\x2e\x00\x01\x00\x00\x00\x01\x00\x00\x05\x30\
"

qt_resource_struct_v2 = b"\
\x00\x00\x00\x00\x00\x02\x00\x00\x00\x01\x00\x00\x00\x01\
\x00\x00\x00\x00\x00\x00\x00\x00\
\x00\x00\x00\x00\x00\x02\x00\x00\x00\x02\x00\x00\x00\x02\
\x00\x00\x00\x00\x00\x00\x00\x00\
\x00\x00\x00\x0c\x00\x01\x00\x00\x00\x01\x00\x00\x00\x00\
\x00\x00\x01\x99\x7a\x35\x70\x63\
\x00\x00\x00\x2e\x00\x01\x00\x00\x00\x01\x00\x00\x05\x30\
\x00\x00\x01\x99\x6f\xbb\x97\xca\
"

qt_version = [int(v) for v in QtCore.qVersion().split('.')]
if qt_version < [5, 8, 0]:
    rcc_version = 1
    qt_resource_struct = qt_resource_struct_v1
else:
    rcc_version = 2
    qt_resource_struct = qt_resource_struct_v2

def qInitResources():
    QtCore.qRegisterResourceData(rcc_version, qt_resource_struct, qt_resource_name, qt_resource_data)

def qCleanupResources():
    QtCore.qUnregisterResourceData(rcc_version, qt_resource_struct, qt_resource_name, qt_resource_data)

qInitResources()
